root_label,root_path,relative_run_dir,run_dir,family,case_slug,config_path,config_exists,weights_path,dataset,non_linearity,dims,input_gain,voltage_amp,current_amp,weight_min,weight_max,exp_clip,batch_size,rel_tol,vn_tol,num_iterations,single_diode_updater,double_diode_updater,adaptive_equilibrium,use_polish,max_newton_iters,overrelaxation_factor,learning_rate,amplifier,validation_accuracy,validation_correct,validation_total,spice_npz_path,spice_npz_present,spice_timing_json_path,spice_timing_json_present,spice_timing_total_seconds,spice_timing_simulation_seconds,spice_timing_netlist_seconds,error_p90_path,error_p90_present,error_p90,wall_time_path,wall_time_present,run_status
april29_self_contained,<source-tree>/labs/figures_for_paper_digits/timings/final_selected_runs_self_contained/reruns_maxicao_20260429-103559,double_diode_exponential/hidden_1/hidden_1024/20260429-103636_double_diode_exponential,<source-tree>/labs/figures_for_paper_digits/timings/final_selected_runs_self_contained/reruns_maxicao_20260429-103559/double_diode_exponential/hidden_1/hidden_1024/20260429-103636_double_diode_exponential,double_diode_exponential,double_diode_exponential/hidden_1/hidden_1024,<source-tree>/labs/figures_for_paper_digits/timings/final_selected_runs_self_contained/runs/double_diode_exponential/hidden_1/hidden_1024/config/config_resolved.json,True,<source-tree>/labs/figures_for_paper_digits/timings/final_selected_runs_self_contained/runs/double_diode_exponential/hidden_1/hidden_1024/weights/weights.pt,digits,double_diode_exponential,"[128, 1024, 20]",10.0,4.0,1.0,1e-07,100.0,100,1,1e-05,1e-06,128,custom,float64_overrelaxed,True,True,8,1.2,"[0.01, 0.01]",,0.95,342,360,,False,,False,,,,<source-tree>/labs/figures_for_paper_digits/timings/final_selected_runs_self_contained/reruns_maxicao_20260429-103559/double_diode_exponential/hidden_1/hidden_1024/20260429-103636_double_diode_exponential/error_npz_vs_spice/cross_layer_rel_l1_percentiles_node_weighted.json,True,1.2742411463990392e-05,.,True,complete_with_error_summary_only
april29_self_contained,<source-tree>/labs/figures_for_paper_digits/timings/final_selected_runs_self_contained/reruns_maxicao_20260429-103559,double_diode_exponential/hidden_1/hidden_128/20260429-103610_double_diode_exponential,<source-tree>/labs/figures_for_paper_digits/timings/final_selected_runs_self_contained/reruns_maxicao_20260429-103559/double_diode_exponential/hidden_1/hidden_128/20260429-103610_double_diode_exponential,double_diode_exponential,double_diode_exponential/hidden_1/hidden_128,<source-tree>/labs/figures_for_paper_digits/timings/final_selected_runs_self_contained/runs/double_diode_exponential/hidden_1/hidden_128/config/config_resolved.json,True,<source-tree>/labs/figures_for_paper_digits/timings/final_selected_runs_self_contained/runs/double_diode_exponential/hidden_1/hidden_128/weights/weights.pt,digits,double_diode_exponential,"[128, 128, 20]",10.0,4.0,1.0,1e-07,100.0,100,1,1e-05,1e-06,512,custom,float64_overrelaxed,True,True,8,1.2,"[0.01, 0.01]",,0.9166666666666666,330,360,,False,,False,,,,<source-tree>/labs/figures_for_paper_digits/timings/final_selected_runs_self_contained/reruns_maxicao_20260429-103559/double_diode_exponential/hidden_1/hidden_128/20260429-103610_double_diode_exponential/error_npz_vs_spice/cross_layer_rel_l1_percentiles_node_weighted.json,True,9.949713560947013e-06,.,True,complete_with_error_summary_only
april29_self_contained,<source-tree>/labs/figures_for_paper_digits/timings/final_selected_runs_self_contained/reruns_maxicao_20260429-103559,double_diode_exponential/hidden_1/hidden_256/20260429-103617_double_diode_exponential,<source-tree>/labs/figures_for_paper_digits/timings/final_selected_runs_self_contained/reruns_maxicao_20260429-103559/double_diode_exponential/hidden_1/hidden_256/20260429-103617_double_diode_exponential,double_diode_exponential,double_diode_exponential/hidden_1/hidden_256,<source-tree>/labs/figures_for_paper_digits/timings/final_selected_runs_self_contained/runs/double_diode_exponential/hidden_1/hidden_256/config/config_resolved.json,True,<source-tree>/labs/figures_for_paper_digits/timings/final_selected_runs_self_contained/runs/double_diode_exponential/hidden_1/hidden_256/weights/weights.pt,digits,double_diode_exponential,"[128, 256, 20]",10.0,4.0,1.0,1e-07,100.0,100,1,1e-05,1e-06,128,custom,float64_overrelaxed,True,True,8,1.2,"[0.01, 0.01]",,0.9555555555555556,344,360,,False,,False,,,,<source-tree>/labs/figures_for_paper_digits/timings/final_selected_runs_self_contained/reruns_maxicao_20260429-103559/double_diode_exponential/hidden_1/hidden_256/20260429-103617_double_diode_exponential/error_npz_vs_spice/cross_layer_rel_l1_percentiles_node_weighted.json,True,1.2551255418012064e-05,.,True,complete_with_error_summary_only
april29_self_contained,<source-tree>/labs/figures_for_paper_digits/timings/final_selected_runs_self_contained/reruns_maxicao_20260429-103559,double_diode_exponential/hidden_1/hidden_512/20260429-103627_double_diode_exponential,<source-tree>/labs/figures_for_paper_digits/timings/final_selected_runs_self_contained/reruns_maxicao_20260429-103559/double_diode_exponential/hidden_1/hidden_512/20260429-103627_double_diode_exponential,double_diode_exponential,double_diode_exponential/hidden_1/hidden_512,<source-tree>/labs/figures_for_paper_digits/timings/final_selected_runs_self_contained/runs/double_diode_exponential/hidden_1/hidden_512/config/config_resolved.json,True,<source-tree>/labs/figures_for_paper_digits/timings/final_selected_runs_self_contained/runs/double_diode_exponential/hidden_1/hidden_512/weights/weights.pt,digits,double_diode_exponential,"[128, 512, 20]",10.0,4.0,1.0,1e-07,100.0,100,1,1e-05,1e-06,128,custom,float64_overrelaxed,True,True,8,1.2,"[0.01, 0.01]",,0.9611111111111111,346,360,,False,,False,,,,<source-tree>/labs/figures_for_paper_digits/timings/final_selected_runs_self_contained/reruns_maxicao_20260429-103559/double_diode_exponential/hidden_1/hidden_512/20260429-103627_double_diode_exponential/error_npz_vs_spice/cross_layer_rel_l1_percentiles_node_weighted.json,True,1.2465699447067399e-05,.,True,complete_with_error_summary_only
april29_self_contained,<source-tree>/labs/figures_for_paper_digits/timings/final_selected_runs_self_contained/reruns_maxicao_20260429-103559,double_diode_exponential/hidden_1/hidden_64/20260429-103602_double_diode_exponential,<source-tree>/labs/figures_for_paper_digits/timings/final_selected_runs_self_contained/reruns_maxicao_20260429-103559/double_diode_exponential/hidden_1/hidden_64/20260429-103602_double_diode_exponential,double_diode_exponential,double_diode_exponential/hidden_1/hidden_64,<source-tree>/labs/figures_for_paper_digits/timings/final_selected_runs_self_contained/runs/double_diode_exponential/hidden_1/hidden_64/config/config_resolved.json,True,<source-tree>/labs/figures_for_paper_digits/timings/final_selected_runs_self_contained/runs/double_diode_exponential/hidden_1/hidden_64/weights/weights.pt,digits,double_diode_exponential,"[128, 64, 20]",10.0,4.0,1.0,1e-07,100.0,100,1,1e-05,1e-06,128,custom,float64_overrelaxed,True,True,8,1.2,"[0.01, 0.01]",,0.95,342,360,,False,,False,,,,<source-tree>/labs/figures_for_paper_digits/timings/final_selected_runs_self_contained/reruns_maxicao_20260429-103559/double_diode_exponential/hidden_1/hidden_64/20260429-103602_double_diode_exponential/error_npz_vs_spice/cross_layer_rel_l1_percentiles_node_weighted.json,True,1.4629384112930124e-05,.,True,complete_with_error_summary_only
april29_self_contained,<source-tree>/labs/figures_for_paper_digits/timings/final_selected_runs_self_contained/reruns_maxicao_20260429-103559,double_diode_exponential/hidden_2/hidden_1024/20260429-103810_double_diode_exponential,<source-tree>/labs/figures_for_paper_digits/timings/final_selected_runs_self_contained/reruns_maxicao_20260429-103559/double_diode_exponential/hidden_2/hidden_1024/20260429-103810_double_diode_exponential,double_diode_exponential,double_diode_exponential/hidden_2/hidden_1024,<source-tree>/labs/figures_for_paper_digits/timings/final_selected_runs_self_contained/runs/double_diode_exponential/hidden_2/hidden_1024/config/config_resolved.json,True,<source-tree>/labs/figures_for_paper_digits/timings/final_selected_runs_self_contained/runs/double_diode_exponential/hidden_2/hidden_1024/weights/weights.pt,digits,double_diode_exponential,"[128, 1024, 1024, 20]",10.0,4.0,1.0,1e-07,100.0,200,1,1e-05,1e-06,512,custom,float64_overrelaxed,True,True,8,1.4,"[0.05, 0.1, 0.1]",,0.8611111111111112,310,360,,False,,False,,,,,False,,.,True,validation_only_or_in_progress
april29_self_contained,<source-tree>/labs/figures_for_paper_digits/timings/final_selected_runs_self_contained/reruns_maxicao_20260429-103559,double_diode_exponential/hidden_2/hidden_128/20260429-103703_double_diode_exponential,<source-tree>/labs/figures_for_paper_digits/timings/final_selected_runs_self_contained/reruns_maxicao_20260429-103559/double_diode_exponential/hidden_2/hidden_128/20260429-103703_double_diode_exponential,double_diode_exponential,double_diode_exponential/hidden_2/hidden_128,<source-tree>/labs/figures_for_paper_digits/timings/final_selected_runs_self_contained/runs/double_diode_exponential/hidden_2/hidden_128/config/config_resolved.json,True,<source-tree>/labs/figures_for_paper_digits/timings/final_selected_runs_self_contained/runs/double_diode_exponential/hidden_2/hidden_128/weights/weights.pt,digits,double_diode_exponential,"[128, 128, 128, 20]",10.0,4.0,1.0,1e-07,100.0,200,1,1e-05,1e-06,64,custom,float64_overrelaxed,True,True,8,1.4,"[0.05, 0.1, 0.1]",,0.9444444444444444,340,360,,False,,False,,,,<source-tree>/labs/figures_for_paper_digits/timings/final_selected_runs_self_contained/reruns_maxicao_20260429-103559/double_diode_exponential/hidden_2/hidden_128/20260429-103703_double_diode_exponential/error_npz_vs_spice/cross_layer_rel_l1_percentiles_node_weighted.json,True,1.2459982658328006e-05,.,True,complete_with_error_summary_only
april29_self_contained,<source-tree>/labs/figures_for_paper_digits/timings/final_selected_runs_self_contained/reruns_maxicao_20260429-103559,double_diode_exponential/hidden_2/hidden_256/20260429-103719_double_diode_exponential,<source-tree>/labs/figures_for_paper_digits/timings/final_selected_runs_self_contained/reruns_maxicao_20260429-103559/double_diode_exponential/hidden_2/hidden_256/20260429-103719_double_diode_exponential,double_diode_exponential,double_diode_exponential/hidden_2/hidden_256,<source-tree>/labs/figures_for_paper_digits/timings/final_selected_runs_self_contained/runs/double_diode_exponential/hidden_2/hidden_256/config/config_resolved.json,True,<source-tree>/labs/figures_for_paper_digits/timings/final_selected_runs_self_contained/runs/double_diode_exponential/hidden_2/hidden_256/weights/weights.pt,digits,double_diode_exponential,"[128, 256, 256, 20]",10.0,4.0,1.0,1e-07,100.0,200,1,1e-05,1e-06,512,custom,float64_overrelaxed,True,True,8,1.4,"[0.05, 0.1, 0.1]",,0.9361111111111111,337,360,,False,,False,,,,<source-tree>/labs/figures_for_paper_digits/timings/final_selected_runs_self_contained/reruns_maxicao_20260429-103559/double_diode_exponential/hidden_2/hidden_256/20260429-103719_double_diode_exponential/error_npz_vs_spice/cross_layer_rel_l1_percentiles_node_weighted.json,True,2.0202539953113604e-05,.,True,complete_with_error_summary_only
april29_self_contained,<source-tree>/labs/figures_for_paper_digits/timings/final_selected_runs_self_contained/reruns_maxicao_20260429-103559,double_diode_exponential/hidden_2/hidden_512/20260429-103739_double_diode_exponential,<source-tree>/labs/figures_for_paper_digits/timings/final_selected_runs_self_contained/reruns_maxicao_20260429-103559/double_diode_exponential/hidden_2/hidden_512/20260429-103739_double_diode_exponential,double_diode_exponential,double_diode_exponential/hidden_2/hidden_512,<source-tree>/labs/figures_for_paper_digits/timings/final_selected_runs_self_contained/runs/double_diode_exponential/hidden_2/hidden_512/config/config_resolved.json,True,<source-tree>/labs/figures_for_paper_digits/timings/final_selected_runs_self_contained/runs/double_diode_exponential/hidden_2/hidden_512/weights/weights.pt,digits,double_diode_exponential,"[128, 512, 512, 20]",10.0,4.0,1.0,1e-07,100.0,200,1,1e-05,1e-06,512,custom,float64_overrelaxed,True,True,8,1.4,"[0.05, 0.1, 0.1]",,0.9333333333333333,336,360,,False,,False,,,,<source-tree>/labs/figures_for_paper_digits/timings/final_selected_runs_self_contained/reruns_maxicao_20260429-103559/double_diode_exponential/hidden_2/hidden_512/20260429-103739_double_diode_exponential/error_npz_vs_spice/cross_layer_rel_l1_percentiles_node_weighted.json,True,2.6923844157675913e-05,.,True,complete_with_error_summary_only
april29_self_contained,<source-tree>/labs/figures_for_paper_digits/timings/final_selected_runs_self_contained/reruns_maxicao_20260429-103559,double_diode_exponential/hidden_2/hidden_64/20260429-103647_double_diode_exponential,<source-tree>/labs/figures_for_paper_digits/timings/final_selected_runs_self_contained/reruns_maxicao_20260429-103559/double_diode_exponential/hidden_2/hidden_64/20260429-103647_double_diode_exponential,double_diode_exponential,double_diode_exponential/hidden_2/hidden_64,<source-tree>/labs/figures_for_paper_digits/timings/final_selected_runs_self_contained/runs/double_diode_exponential/hidden_2/hidden_64/config/config_resolved.json,True,<source-tree>/labs/figures_for_paper_digits/timings/final_selected_runs_self_contained/runs/double_diode_exponential/hidden_2/hidden_64/weights/weights.pt,digits,double_diode_exponential,"[128, 64, 64, 20]",10.0,4.0,1.0,1e-07,100.0,200,1,1e-05,1e-06,512,custom,float64_overrelaxed,True,True,8,1.4,"[0.05, 0.1, 0.1]",,0.9388888888888889,338,360,,False,,False,,,,<source-tree>/labs/figures_for_paper_digits/timings/final_selected_runs_self_contained/reruns_maxicao_20260429-103559/double_diode_exponential/hidden_2/hidden_64/20260429-103647_double_diode_exponential/error_npz_vs_spice/cross_layer_rel_l1_percentiles_node_weighted.json,True,1.7628393070412995e-05,.,True,complete_with_error_summary_only
april29_self_contained,<source-tree>/labs/figures_for_paper_digits/timings/final_selected_runs_self_contained/reruns_maxicao_20260429-103559,double_diode_exponential/hidden_3/hidden_128/20260429-103928_double_diode_exponential,<source-tree>/labs/figures_for_paper_digits/timings/final_selected_runs_self_contained/reruns_maxicao_20260429-103559/double_diode_exponential/hidden_3/hidden_128/20260429-103928_double_diode_exponential,double_diode_exponential,double_diode_exponential/hidden_3/hidden_128,<source-tree>/labs/figures_for_paper_digits/timings/final_selected_runs_self_contained/runs/double_diode_exponential/hidden_3/hidden_128/config/config_resolved.json,True,<source-tree>/labs/figures_for_paper_digits/timings/final_selected_runs_self_contained/runs/double_diode_exponential/hidden_3/hidden_128/weights/weights.pt,digits,double_diode_exponential,"[128, 128, 128, 128, 20]",10.0,4.0,1.0,1e-07,100.0,165,1,1e-05,1e-06,512,custom,float64_overrelaxed,True,True,8,1.4,"[0.5, 0.5, 0.5, 0.5]",,0.9611111111111111,346,360,,False,,False,,,,<source-tree>/labs/figures_for_paper_digits/timings/final_selected_runs_self_contained/reruns_maxicao_20260429-103559/double_diode_exponential/hidden_3/hidden_128/20260429-103928_double_diode_exponential/error_npz_vs_spice/cross_layer_rel_l1_percentiles_node_weighted.json,True,1.1884189835438427e-05,.,True,complete_with_error_summary_only
april29_self_contained,<source-tree>/labs/figures_for_paper_digits/timings/final_selected_runs_self_contained/reruns_maxicao_20260429-103559,double_diode_exponential/hidden_3/hidden_256/20260429-103953_hard_sigmoid,<source-tree>/labs/figures_for_paper_digits/timings/final_selected_runs_self_contained/reruns_maxicao_20260429-103559/double_diode_exponential/hidden_3/hidden_256/20260429-103953_hard_sigmoid,double_diode_exponential,double_diode_exponential/hidden_3/hidden_256,<source-tree>/labs/figures_for_paper_digits/timings/final_selected_runs_self_contained/runs/double_diode_exponential/hidden_3/hidden_256/config/config_resolved.json,True,<source-tree>/labs/figures_for_paper_digits/timings/final_selected_runs_self_contained/runs/double_diode_exponential/hidden_3/hidden_256/weights/weights.pt,digits,hard_sigmoid,"[128, 256, 256, 256, 20]",10.0,4.0,1.0,1e-07,100.0,100000.0,1,1e-05,1e-06,512,custom,float64_overrelaxed,True,True,9,1.4,"[0.2, 0.2, 0.2, 0.2]",,0.8916666666666667,321,360,,False,,False,,,,<source-tree>/labs/figures_for_paper_digits/timings/final_selected_runs_self_contained/reruns_maxicao_20260429-103559/double_diode_exponential/hidden_3/hidden_256/20260429-103953_hard_sigmoid/error_npz_vs_spice/cross_layer_rel_l1_percentiles_node_weighted.json,True,0.24621223644100587,.,True,complete_with_error_summary_only
april29_self_contained,<source-tree>/labs/figures_for_paper_digits/timings/final_selected_runs_self_contained/reruns_maxicao_20260429-103559,double_diode_exponential/hidden_3/hidden_512/20260429-104003_double_diode_exponential,<source-tree>/labs/figures_for_paper_digits/timings/final_selected_runs_self_contained/reruns_maxicao_20260429-103559/double_diode_exponential/hidden_3/hidden_512/20260429-104003_double_diode_exponential,double_diode_exponential,double_diode_exponential/hidden_3/hidden_512,<source-tree>/labs/figures_for_paper_digits/timings/final_selected_runs_self_contained/runs/double_diode_exponential/hidden_3/hidden_512/config/config_resolved.json,True,<source-tree>/labs/figures_for_paper_digits/timings/final_selected_runs_self_contained/runs/double_diode_exponential/hidden_3/hidden_512/weights/weights.pt,digits,double_diode_exponential,"[128, 512, 512, 512, 20]",10.0,4.0,1.0,1e-07,100.0,100000.0,1,1e-05,1e-06,512,custom,float64_overrelaxed,True,True,9,1.4,"[0.3, 0.3, 0.3, 0.3]",,0.9194444444444444,331,360,,False,,False,,,,,False,,.,True,validation_only_or_in_progress
april29_self_contained,<source-tree>/labs/figures_for_paper_digits/timings/final_selected_runs_self_contained/reruns_maxicao_20260429-103559,double_diode_exponential/hidden_3/hidden_64/20260429-103900_double_diode_exponential,<source-tree>/labs/figures_for_paper_digits/timings/final_selected_runs_self_contained/reruns_maxicao_20260429-103559/double_diode_exponential/hidden_3/hidden_64/20260429-103900_double_diode_exponential,double_diode_exponential,double_diode_exponential/hidden_3/hidden_64,<source-tree>/labs/figures_for_paper_digits/timings/final_selected_runs_self_contained/runs/double_diode_exponential/hidden_3/hidden_64/config/config_resolved.json,True,<source-tree>/labs/figures_for_paper_digits/timings/final_selected_runs_self_contained/runs/double_diode_exponential/hidden_3/hidden_64/weights/weights.pt,digits,double_diode_exponential,"[128, 64, 64, 64, 20]",10.0,4.0,1.0,1e-07,100.0,100000.0,1,1e-05,1e-06,512,custom,float64_overrelaxed,True,True,9,1.2,"[0.3, 0.3, 0.3, 0.3]",,0.825,297,360,,False,,False,,,,<source-tree>/labs/figures_for_paper_digits/timings/final_selected_runs_self_contained/reruns_maxicao_20260429-103559/double_diode_exponential/hidden_3/hidden_64/20260429-103900_double_diode_exponential/error_npz_vs_spice/cross_layer_rel_l1_percentiles_node_weighted.json,True,1.2564088002880897e-05,.,True,complete_with_error_summary_only
april29_self_contained,<source-tree>/labs/figures_for_paper_digits/timings/final_selected_runs_self_contained/reruns_maxicao_20260429-103559,experimental/hidden_1/hidden_1024/20260429-104207_experimental,<source-tree>/labs/figures_for_paper_digits/timings/final_selected_runs_self_contained/reruns_maxicao_20260429-103559/experimental/hidden_1/hidden_1024/20260429-104207_experimental,experimental,experimental/hidden_1/hidden_1024,<source-tree>/labs/figures_for_paper_digits/timings/final_selected_runs_self_contained/runs/experimental/hidden_1/hidden_1024/config/config_resolved.json,True,<source-tree>/labs/figures_for_paper_digits/timings/final_selected_runs_self_contained/runs/experimental/hidden_1/hidden_1024/weights/weights.pt,digits,experimental,"[128, 1024, 20]",10.0,4.0,1.0,1e-07,100.0,100,1,1e-05,1e-06,512,custom,overrelaxed,True,False,8,1.0,"[0.01, 0.01]",,0.95,342,360,,False,,False,,,,<source-tree>/labs/figures_for_paper_digits/timings/final_selected_runs_self_contained/reruns_maxicao_20260429-103559/experimental/hidden_1/hidden_1024/20260429-104207_experimental/error_npz_vs_spice/cross_layer_rel_l1_percentiles_node_weighted.json,True,1.2744305948747641e-05,.,True,complete_with_error_summary_only
april29_self_contained,<source-tree>/labs/figures_for_paper_digits/timings/final_selected_runs_self_contained/reruns_maxicao_20260429-103559,experimental/hidden_1/hidden_128/20260429-104137_experimental,<source-tree>/labs/figures_for_paper_digits/timings/final_selected_runs_self_contained/reruns_maxicao_20260429-103559/experimental/hidden_1/hidden_128/20260429-104137_experimental,experimental,experimental/hidden_1/hidden_128,<source-tree>/labs/figures_for_paper_digits/timings/final_selected_runs_self_contained/runs/experimental/hidden_1/hidden_128/config/config_resolved.json,True,<source-tree>/labs/figures_for_paper_digits/timings/final_selected_runs_self_contained/runs/experimental/hidden_1/hidden_128/weights/weights.pt,digits,experimental,"[128, 128, 20]",10.0,4.0,1.0,1e-07,100.0,100,1,1e-05,1e-06,512,custom,overrelaxed,True,False,8,1.0,"[0.01, 0.01]",,0.9166666666666666,330,360,,False,,False,,,,<source-tree>/labs/figures_for_paper_digits/timings/final_selected_runs_self_contained/reruns_maxicao_20260429-103559/experimental/hidden_1/hidden_128/20260429-104137_experimental/error_npz_vs_spice/cross_layer_rel_l1_percentiles_node_weighted.json,True,1.675365216377257e-05,.,True,complete_with_error_summary_only
april29_self_contained,<source-tree>/labs/figures_for_paper_digits/timings/final_selected_runs_self_contained/reruns_maxicao_20260429-103559,experimental/hidden_1/hidden_256/20260429-104143_experimental,<source-tree>/labs/figures_for_paper_digits/timings/final_selected_runs_self_contained/reruns_maxicao_20260429-103559/experimental/hidden_1/hidden_256/20260429-104143_experimental,experimental,experimental/hidden_1/hidden_256,<source-tree>/labs/figures_for_paper_digits/timings/final_selected_runs_self_contained/runs/experimental/hidden_1/hidden_256/config/config_resolved.json,True,<source-tree>/labs/figures_for_paper_digits/timings/final_selected_runs_self_contained/runs/experimental/hidden_1/hidden_256/weights/weights.pt,digits,experimental,"[128, 256, 20]",10.0,4.0,1.0,1e-07,100.0,100,1,1e-05,1e-06,512,custom,overrelaxed,True,False,8,1.0,"[0.01, 0.01]",,0.9555555555555556,344,360,,False,,False,,,,<source-tree>/labs/figures_for_paper_digits/timings/final_selected_runs_self_contained/reruns_maxicao_20260429-103559/experimental/hidden_1/hidden_256/20260429-104143_experimental/error_npz_vs_spice/cross_layer_rel_l1_percentiles_node_weighted.json,True,1.2833556392655314e-05,.,True,complete_with_error_summary_only
april29_self_contained,<source-tree>/labs/figures_for_paper_digits/timings/final_selected_runs_self_contained/reruns_maxicao_20260429-103559,experimental/hidden_1/hidden_512/20260429-104155_experimental,<source-tree>/labs/figures_for_paper_digits/timings/final_selected_runs_self_contained/reruns_maxicao_20260429-103559/experimental/hidden_1/hidden_512/20260429-104155_experimental,experimental,experimental/hidden_1/hidden_512,<source-tree>/labs/figures_for_paper_digits/timings/final_selected_runs_self_contained/runs/experimental/hidden_1/hidden_512/config/config_resolved.json,True,<source-tree>/labs/figures_for_paper_digits/timings/final_selected_runs_self_contained/runs/experimental/hidden_1/hidden_512/weights/weights.pt,digits,experimental,"[128, 512, 20]",10.0,4.0,1.0,1e-07,100.0,100,1,1e-05,1e-06,512,custom,overrelaxed,True,False,8,1.0,"[0.01, 0.01]",,0.9611111111111111,346,360,,False,,False,,,,<source-tree>/labs/figures_for_paper_digits/timings/final_selected_runs_self_contained/reruns_maxicao_20260429-103559/experimental/hidden_1/hidden_512/20260429-104155_experimental/error_npz_vs_spice/cross_layer_rel_l1_percentiles_node_weighted.json,True,1.2572153556988855e-05,.,True,complete_with_error_summary_only
april29_self_contained,<source-tree>/labs/figures_for_paper_digits/timings/final_selected_runs_self_contained/reruns_maxicao_20260429-103559,experimental/hidden_1/hidden_64/20260429-104122_experimental,<source-tree>/labs/figures_for_paper_digits/timings/final_selected_runs_self_contained/reruns_maxicao_20260429-103559/experimental/hidden_1/hidden_64/20260429-104122_experimental,experimental,experimental/hidden_1/hidden_64,<source-tree>/labs/figures_for_paper_digits/timings/final_selected_runs_self_contained/runs/experimental/hidden_1/hidden_64/config/config_resolved.json,True,<source-tree>/labs/figures_for_paper_digits/timings/final_selected_runs_self_contained/runs/experimental/hidden_1/hidden_64/weights/weights.pt,digits,experimental,"[128, 64, 20]",10.0,4.0,1.0,1e-07,100.0,100,1,1e-05,1e-06,512,custom,overrelaxed,True,False,100,1.0,"[0.01, 0.01]",,0.95,342,360,,False,,False,,,,<source-tree>/labs/figures_for_paper_digits/timings/final_selected_runs_self_contained/reruns_maxicao_20260429-103559/experimental/hidden_1/hidden_64/20260429-104122_experimental/error_npz_vs_spice/cross_layer_rel_l1_percentiles_node_weighted.json,True,1.581163261449674e-05,.,True,complete_with_error_summary_only
april29_self_contained,<source-tree>/labs/figures_for_paper_digits/timings/final_selected_runs_self_contained/reruns_maxicao_20260429-103559,experimental/hidden_2/hidden_1024/20260429-104341_experimental,<source-tree>/labs/figures_for_paper_digits/timings/final_selected_runs_self_contained/reruns_maxicao_20260429-103559/experimental/hidden_2/hidden_1024/20260429-104341_experimental,experimental,experimental/hidden_2/hidden_1024,<source-tree>/labs/figures_for_paper_digits/timings/final_selected_runs_self_contained/runs/experimental/hidden_2/hidden_1024/config/config_resolved.json,True,<source-tree>/labs/figures_for_paper_digits/timings/final_selected_runs_self_contained/runs/experimental/hidden_2/hidden_1024/weights/weights.pt,digits,experimental,"[128, 1024, 1024, 20]",10.0,4.0,1.0,1e-07,100.0,200,1,1e-05,1e-06,512,custom,overrelaxed,True,True,8,1,"[0.05, 0.1, 0.1]",,0.8611111111111112,310,360,,False,,False,,,,,False,,.,True,validation_only_or_in_progress
april29_self_contained,<source-tree>/labs/figures_for_paper_digits/timings/final_selected_runs_self_contained/reruns_maxicao_20260429-103559,experimental/hidden_2/hidden_128/20260429-104234_experimental,<source-tree>/labs/figures_for_paper_digits/timings/final_selected_runs_self_contained/reruns_maxicao_20260429-103559/experimental/hidden_2/hidden_128/20260429-104234_experimental,experimental,experimental/hidden_2/hidden_128,<source-tree>/labs/figures_for_paper_digits/timings/final_selected_runs_self_contained/runs/experimental/hidden_2/hidden_128/config/config_resolved.json,True,<source-tree>/labs/figures_for_paper_digits/timings/final_selected_runs_self_contained/runs/experimental/hidden_2/hidden_128/weights/weights.pt,digits,experimental,"[128, 128, 128, 20]",10.0,4.0,1.0,1e-07,100.0,200,1,1e-05,1e-06,512,custom,overrelaxed,True,True,8,1,"[0.05, 0.1, 0.1]",,0.9444444444444444,340,360,,False,,False,,,,<source-tree>/labs/figures_for_paper_digits/timings/final_selected_runs_self_contained/reruns_maxicao_20260429-103559/experimental/hidden_2/hidden_128/20260429-104234_experimental/error_npz_vs_spice/cross_layer_rel_l1_percentiles_node_weighted.json,True,1.3564627225389795e-05,.,True,complete_with_error_summary_only
april29_self_contained,<source-tree>/labs/figures_for_paper_digits/timings/final_selected_runs_self_contained/reruns_maxicao_20260429-103559,experimental/hidden_2/hidden_256/20260429-104250_experimental,<source-tree>/labs/figures_for_paper_digits/timings/final_selected_runs_self_contained/reruns_maxicao_20260429-103559/experimental/hidden_2/hidden_256/20260429-104250_experimental,experimental,experimental/hidden_2/hidden_256,<source-tree>/labs/figures_for_paper_digits/timings/final_selected_runs_self_contained/runs/experimental/hidden_2/hidden_256/config/config_resolved.json,True,<source-tree>/labs/figures_for_paper_digits/timings/final_selected_runs_self_contained/runs/experimental/hidden_2/hidden_256/weights/weights.pt,digits,experimental,"[128, 256, 256, 20]",10.0,4.0,1.0,1e-07,100.0,200,1,1e-05,1e-06,512,custom,overrelaxed,True,True,8,1,"[0.05, 0.1, 0.1]",,0.9361111111111111,337,360,,False,,False,,,,<source-tree>/labs/figures_for_paper_digits/timings/final_selected_runs_self_contained/reruns_maxicao_20260429-103559/experimental/hidden_2/hidden_256/20260429-104250_experimental/error_npz_vs_spice/cross_layer_rel_l1_percentiles_node_weighted.json,True,7.413528342685774e-05,.,True,complete_with_error_summary_only
april29_self_contained,<source-tree>/labs/figures_for_paper_digits/timings/final_selected_runs_self_contained/reruns_maxicao_20260429-103559,experimental/hidden_2/hidden_512/20260429-104308_experimental,<source-tree>/labs/figures_for_paper_digits/timings/final_selected_runs_self_contained/reruns_maxicao_20260429-103559/experimental/hidden_2/hidden_512/20260429-104308_experimental,experimental,experimental/hidden_2/hidden_512,<source-tree>/labs/figures_for_paper_digits/timings/final_selected_runs_self_contained/runs/experimental/hidden_2/hidden_512/config/config_resolved.json,True,<source-tree>/labs/figures_for_paper_digits/timings/final_selected_runs_self_contained/runs/experimental/hidden_2/hidden_512/weights/weights.pt,digits,experimental,"[128, 512, 512, 20]",10.0,4.0,1.0,1e-07,100.0,200,1,1e-05,1e-06,512,custom,overrelaxed,True,True,8,1,"[0.05, 0.1, 0.1]",,0.9333333333333333,336,360,,False,,False,,,,<source-tree>/labs/figures_for_paper_digits/timings/final_selected_runs_self_contained/reruns_maxicao_20260429-103559/experimental/hidden_2/hidden_512/20260429-104308_experimental/error_npz_vs_spice/cross_layer_rel_l1_percentiles_node_weighted.json,True,9.135707282779661e-05,.,True,complete_with_error_summary_only
april29_self_contained,<source-tree>/labs/figures_for_paper_digits/timings/final_selected_runs_self_contained/reruns_maxicao_20260429-103559,experimental/hidden_2/hidden_64/20260429-104220_experimental,<source-tree>/labs/figures_for_paper_digits/timings/final_selected_runs_self_contained/reruns_maxicao_20260429-103559/experimental/hidden_2/hidden_64/20260429-104220_experimental,experimental,experimental/hidden_2/hidden_64,<source-tree>/labs/figures_for_paper_digits/timings/final_selected_runs_self_contained/runs/experimental/hidden_2/hidden_64/config/config_resolved.json,True,<source-tree>/labs/figures_for_paper_digits/timings/final_selected_runs_self_contained/runs/experimental/hidden_2/hidden_64/weights/weights.pt,digits,experimental,"[128, 64, 64, 20]",10.0,4.0,1.0,1e-07,100.0,200,1,1e-05,1e-06,512,custom,overrelaxed,True,True,8,1,"[0.05, 0.1, 0.1]",,0.9388888888888889,338,360,,False,,False,,,,<source-tree>/labs/figures_for_paper_digits/timings/final_selected_runs_self_contained/reruns_maxicao_20260429-103559/experimental/hidden_2/hidden_64/20260429-104220_experimental/error_npz_vs_spice/cross_layer_rel_l1_percentiles_node_weighted.json,True,7.972110660028444e-05,.,True,complete_with_error_summary_only
april29_self_contained,<source-tree>/labs/figures_for_paper_digits/timings/final_selected_runs_self_contained/reruns_maxicao_20260429-103559,experimental/hidden_3/hidden_128/20260429-104457_experimental,<source-tree>/labs/figures_for_paper_digits/timings/final_selected_runs_self_contained/reruns_maxicao_20260429-103559/experimental/hidden_3/hidden_128/20260429-104457_experimental,experimental,experimental/hidden_3/hidden_128,<source-tree>/labs/figures_for_paper_digits/timings/final_selected_runs_self_contained/runs/experimental/hidden_3/hidden_128/config/config_resolved.json,True,<source-tree>/labs/figures_for_paper_digits/timings/final_selected_runs_self_contained/runs/experimental/hidden_3/hidden_128/weights/weights.pt,digits,experimental,"[128, 128, 128, 128, 20]",10.0,4.0,1.0,1e-07,100.0,165,1,1e-05,1e-05,512,custom,overrelaxed,True,False,32,1,"[0.5, 0.5, 0.5, 0.5]",,0.9611111111111111,346,360,,False,,False,,,,<source-tree>/labs/figures_for_paper_digits/timings/final_selected_runs_self_contained/reruns_maxicao_20260429-103559/experimental/hidden_3/hidden_128/20260429-104457_experimental/error_npz_vs_spice/cross_layer_rel_l1_percentiles_node_weighted.json,True,1.4718841329076368e-05,.,True,complete_with_error_summary_only
april29_self_contained,<source-tree>/labs/figures_for_paper_digits/timings/final_selected_runs_self_contained/reruns_maxicao_20260429-103559,experimental/hidden_3/hidden_256/20260429-104531_experimental,<source-tree>/labs/figures_for_paper_digits/timings/final_selected_runs_self_contained/reruns_maxicao_20260429-103559/experimental/hidden_3/hidden_256/20260429-104531_experimental,experimental,experimental/hidden_3/hidden_256,<source-tree>/labs/figures_for_paper_digits/timings/final_selected_runs_self_contained/runs/experimental/hidden_3/hidden_256/config/config_resolved.json,True,<source-tree>/labs/figures_for_paper_digits/timings/final_selected_runs_self_contained/runs/experimental/hidden_3/hidden_256/weights/weights.pt,digits,experimental,"[128, 256, 256, 256, 20]",10.0,4.0,1.0,1e-07,100.0,100000.0,1,1e-05,1e-06,256,custom,overrelaxed,True,True,32,1,"[0.3, 0.3, 0.3, 0.3]",,0.8277777777777777,298,360,,False,,False,,,,<source-tree>/labs/figures_for_paper_digits/timings/final_selected_runs_self_contained/reruns_maxicao_20260429-103559/experimental/hidden_3/hidden_256/20260429-104531_experimental/error_npz_vs_spice/cross_layer_rel_l1_percentiles_node_weighted.json,True,1.1904971960409769e-05,.,True,complete_with_error_summary_only
april29_self_contained,<source-tree>/labs/figures_for_paper_digits/timings/final_selected_runs_self_contained/reruns_maxicao_20260429-103559,experimental/hidden_3/hidden_512/20260429-104546_experimental,<source-tree>/labs/figures_for_paper_digits/timings/final_selected_runs_self_contained/reruns_maxicao_20260429-103559/experimental/hidden_3/hidden_512/20260429-104546_experimental,experimental,experimental/hidden_3/hidden_512,<source-tree>/labs/figures_for_paper_digits/timings/final_selected_runs_self_contained/runs/experimental/hidden_3/hidden_512/config/config_resolved.json,True,<source-tree>/labs/figures_for_paper_digits/timings/final_selected_runs_self_contained/runs/experimental/hidden_3/hidden_512/weights/weights.pt,digits,experimental,"[128, 512, 512, 512, 20]",10.0,4.0,1.0,1e-07,100.0,100000.0,1,1e-05,1e-06,256,custom,overrelaxed,True,True,32,1,"[0.3, 0.3, 0.3, 0.3]",,0.9194444444444444,331,360,,False,,False,,,,,False,,.,True,validation_only_or_in_progress
april29_self_contained,<source-tree>/labs/figures_for_paper_digits/timings/final_selected_runs_self_contained/reruns_maxicao_20260429-103559,experimental/hidden_3/hidden_64/20260429-104439_experimental,<source-tree>/labs/figures_for_paper_digits/timings/final_selected_runs_self_contained/reruns_maxicao_20260429-103559/experimental/hidden_3/hidden_64/20260429-104439_experimental,experimental,experimental/hidden_3/hidden_64,<source-tree>/labs/figures_for_paper_digits/timings/final_selected_runs_self_contained/runs/experimental/hidden_3/hidden_64/config/config_resolved.json,True,<source-tree>/labs/figures_for_paper_digits/timings/final_selected_runs_self_contained/runs/experimental/hidden_3/hidden_64/weights/weights.pt,digits,experimental,"[128, 64, 64, 64, 20]",10.0,4.0,1.0,1e-07,100.0,100000.0,1,1e-05,1e-06,512,custom,overrelaxed,True,False,32,1,"[0.3, 0.3, 0.3, 0.3]",,0.825,297,360,,False,,False,,,,<source-tree>/labs/figures_for_paper_digits/timings/final_selected_runs_self_contained/reruns_maxicao_20260429-103559/experimental/hidden_3/hidden_64/20260429-104439_experimental/error_npz_vs_spice/cross_layer_rel_l1_percentiles_node_weighted.json,True,1.2730501117907788e-05,.,True,complete_with_error_summary_only
april29_self_contained,<source-tree>/labs/figures_for_paper_digits/timings/final_selected_runs_self_contained/reruns_maxicao_20260429-103559,single_diode_exponential/hidden_1/hidden_1024/20260429-104732_single_diode_exponential,<source-tree>/labs/figures_for_paper_digits/timings/final_selected_runs_self_contained/reruns_maxicao_20260429-103559/single_diode_exponential/hidden_1/hidden_1024/20260429-104732_single_diode_exponential,single_diode_exponential,single_diode_exponential/hidden_1/hidden_1024,<source-tree>/labs/figures_for_paper_digits/timings/final_selected_runs_self_contained/runs/single_diode_exponential/hidden_1/hidden_1024/config/config_resolved.json,True,<source-tree>/labs/figures_for_paper_digits/timings/final_selected_runs_self_contained/runs/single_diode_exponential/hidden_1/hidden_1024/weights/weights.pt,digits,single_diode_exponential,"[128, 1024, 10]",10.0,4.0,1.0,1e-07,100.0,100,1,1e-05,1e-06,128,overrelaxed,overrelaxed,True,True,8,1,"[0.05, 0.05]",,0.975,351,360,,False,,False,,,,<source-tree>/labs/figures_for_paper_digits/timings/final_selected_runs_self_contained/reruns_maxicao_20260429-103559/single_diode_exponential/hidden_1/hidden_1024/20260429-104732_single_diode_exponential/error_npz_vs_spice/cross_layer_rel_l1_percentiles_node_weighted.json,True,1.1361879585504223e-05,.,True,complete_with_error_summary_only
april29_self_contained,<source-tree>/labs/figures_for_paper_digits/timings/final_selected_runs_self_contained/reruns_maxicao_20260429-103559,single_diode_exponential/hidden_1/hidden_128/20260429-104705_single_diode_exponential,<source-tree>/labs/figures_for_paper_digits/timings/final_selected_runs_self_contained/reruns_maxicao_20260429-103559/single_diode_exponential/hidden_1/hidden_128/20260429-104705_single_diode_exponential,single_diode_exponential,single_diode_exponential/hidden_1/hidden_128,<source-tree>/labs/figures_for_paper_digits/timings/final_selected_runs_self_contained/runs/single_diode_exponential/hidden_1/hidden_128/config/config_resolved.json,True,<source-tree>/labs/figures_for_paper_digits/timings/final_selected_runs_self_contained/runs/single_diode_exponential/hidden_1/hidden_128/weights/weights.pt,digits,single_diode_exponential,"[128, 128, 10]",10.0,4.0,1.0,1e-07,100.0,165,1,1e-05,1e-06,512,overrelaxed,overrelaxed,True,True,8,1.2,"[0.05, 0.05]",,0.95,342,360,,False,,False,,,,<source-tree>/labs/figures_for_paper_digits/timings/final_selected_runs_self_contained/reruns_maxicao_20260429-103559/single_diode_exponential/hidden_1/hidden_128/20260429-104705_single_diode_exponential/error_npz_vs_spice/cross_layer_rel_l1_percentiles_node_weighted.json,True,1.6141491180403056e-05,.,True,complete_with_error_summary_only
april29_self_contained,<source-tree>/labs/figures_for_paper_digits/timings/final_selected_runs_self_contained/reruns_maxicao_20260429-103559,single_diode_exponential/hidden_1/hidden_256/20260429-104715_single_diode_exponential,<source-tree>/labs/figures_for_paper_digits/timings/final_selected_runs_self_contained/reruns_maxicao_20260429-103559/single_diode_exponential/hidden_1/hidden_256/20260429-104715_single_diode_exponential,single_diode_exponential,single_diode_exponential/hidden_1/hidden_256,<source-tree>/labs/figures_for_paper_digits/timings/final_selected_runs_self_contained/runs/single_diode_exponential/hidden_1/hidden_256/config/config_resolved.json,True,<source-tree>/labs/figures_for_paper_digits/timings/final_selected_runs_self_contained/runs/single_diode_exponential/hidden_1/hidden_256/weights/weights.pt,digits,single_diode_exponential,"[128, 256, 10]",10.0,4.0,1.0,1e-07,100.0,100,1,1e-05,1e-06,128,overrelaxed,overrelaxed,True,True,8,1,"[0.05, 0.05]",,0.9555555555555556,344,360,,False,,False,,,,<source-tree>/labs/figures_for_paper_digits/timings/final_selected_runs_self_contained/reruns_maxicao_20260429-103559/single_diode_exponential/hidden_1/hidden_256/20260429-104715_single_diode_exponential/error_npz_vs_spice/cross_layer_rel_l1_percentiles_node_weighted.json,True,1.636078529540565e-05,.,True,complete_with_error_summary_only
april29_self_contained,<source-tree>/labs/figures_for_paper_digits/timings/final_selected_runs_self_contained/reruns_maxicao_20260429-103559,single_diode_exponential/hidden_1/hidden_512/20260429-104724_single_diode_exponential,<source-tree>/labs/figures_for_paper_digits/timings/final_selected_runs_self_contained/reruns_maxicao_20260429-103559/single_diode_exponential/hidden_1/hidden_512/20260429-104724_single_diode_exponential,single_diode_exponential,single_diode_exponential/hidden_1/hidden_512,<source-tree>/labs/figures_for_paper_digits/timings/final_selected_runs_self_contained/runs/single_diode_exponential/hidden_1/hidden_512/config/config_resolved.json,True,<source-tree>/labs/figures_for_paper_digits/timings/final_selected_runs_self_contained/runs/single_diode_exponential/hidden_1/hidden_512/weights/weights.pt,digits,single_diode_exponential,"[128, 512, 10]",10.0,4.0,1.0,1e-07,100.0,100,1,1e-05,1e-06,128,overrelaxed,overrelaxed,True,True,8,1,"[0.05, 0.05]",,0.9638888888888889,347,360,,False,,False,,,,<source-tree>/labs/figures_for_paper_digits/timings/final_selected_runs_self_contained/reruns_maxicao_20260429-103559/single_diode_exponential/hidden_1/hidden_512/20260429-104724_single_diode_exponential/error_npz_vs_spice/cross_layer_rel_l1_percentiles_node_weighted.json,True,1.1681781091374962e-05,.,True,complete_with_error_summary_only
april29_self_contained,<source-tree>/labs/figures_for_paper_digits/timings/final_selected_runs_self_contained/reruns_maxicao_20260429-103559,single_diode_exponential/hidden_1/hidden_64/20260429-104657_single_diode_exponential,<source-tree>/labs/figures_for_paper_digits/timings/final_selected_runs_self_contained/reruns_maxicao_20260429-103559/single_diode_exponential/hidden_1/hidden_64/20260429-104657_single_diode_exponential,single_diode_exponential,single_diode_exponential/hidden_1/hidden_64,<source-tree>/labs/figures_for_paper_digits/timings/final_selected_runs_self_contained/runs/single_diode_exponential/hidden_1/hidden_64/config/config_resolved.json,True,<source-tree>/labs/figures_for_paper_digits/timings/final_selected_runs_self_contained/runs/single_diode_exponential/hidden_1/hidden_64/weights/weights.pt,digits,single_diode_exponential,"[128, 64, 10]",10.0,4.0,1.0,1e-07,100.0,165,1,1e-05,1e-06,128,overrelaxed,overrelaxed,True,True,8,1,"[0.1, 0.1]",,0.725,261,360,,False,,False,,,,<source-tree>/labs/figures_for_paper_digits/timings/final_selected_runs_self_contained/reruns_maxicao_20260429-103559/single_diode_exponential/hidden_1/hidden_64/20260429-104657_single_diode_exponential/error_npz_vs_spice/cross_layer_rel_l1_percentiles_node_weighted.json,True,1.599022951325945e-05,.,True,complete_with_error_summary_only
april29_self_contained,<source-tree>/labs/figures_for_paper_digits/timings/final_selected_runs_self_contained/reruns_maxicao_20260429-103559,single_diode_exponential/hidden_2/hidden_1024/20260429-104930_single_diode_exponential,<source-tree>/labs/figures_for_paper_digits/timings/final_selected_runs_self_contained/reruns_maxicao_20260429-103559/single_diode_exponential/hidden_2/hidden_1024/20260429-104930_single_diode_exponential,single_diode_exponential,single_diode_exponential/hidden_2/hidden_1024,<source-tree>/labs/figures_for_paper_digits/timings/final_selected_runs_self_contained/runs/single_diode_exponential/hidden_2/hidden_1024/config/config_resolved.json,True,<source-tree>/labs/figures_for_paper_digits/timings/final_selected_runs_self_contained/runs/single_diode_exponential/hidden_2/hidden_1024/weights/weights.pt,digits,single_diode_exponential,"[128, 1024, 1024, 10]",10.0,4.0,1.0,1e-07,100.0,165,1,0.0001,1e-06,512,overrelaxed,float64,True,True,8,1.4,"[0.05, 0.2, 0.15]",,0.9305555555555556,335,360,,False,,False,,,,,False,,.,True,validation_only_or_in_progress
april29_self_contained,<source-tree>/labs/figures_for_paper_digits/timings/final_selected_runs_self_contained/reruns_maxicao_20260429-103559,single_diode_exponential/hidden_2/hidden_128/20260429-104801_single_diode_exponential,<source-tree>/labs/figures_for_paper_digits/timings/final_selected_runs_self_contained/reruns_maxicao_20260429-103559/single_diode_exponential/hidden_2/hidden_128/20260429-104801_single_diode_exponential,single_diode_exponential,single_diode_exponential/hidden_2/hidden_128,<source-tree>/labs/figures_for_paper_digits/timings/final_selected_runs_self_contained/runs/single_diode_exponential/hidden_2/hidden_128/config/config_resolved.json,True,<source-tree>/labs/figures_for_paper_digits/timings/final_selected_runs_self_contained/runs/single_diode_exponential/hidden_2/hidden_128/weights/weights.pt,digits,single_diode_exponential,"[128, 128, 128, 10]",10.0,4.0,1.0,1e-07,100.0,165,1,1e-05,1e-06,512,overrelaxed,float64,True,True,8,1.4,"[0.05, 0.2, 0.15]",,0.9388888888888889,338,360,,False,,False,,,,<source-tree>/labs/figures_for_paper_digits/timings/final_selected_runs_self_contained/reruns_maxicao_20260429-103559/single_diode_exponential/hidden_2/hidden_128/20260429-104801_single_diode_exponential/error_npz_vs_spice/cross_layer_rel_l1_percentiles_node_weighted.json,True,1.078949246537758e-05,.,True,complete_with_error_summary_only
april29_self_contained,<source-tree>/labs/figures_for_paper_digits/timings/final_selected_runs_self_contained/reruns_maxicao_20260429-103559,single_diode_exponential/hidden_2/hidden_256/20260429-104822_single_diode_exponential,<source-tree>/labs/figures_for_paper_digits/timings/final_selected_runs_self_contained/reruns_maxicao_20260429-103559/single_diode_exponential/hidden_2/hidden_256/20260429-104822_single_diode_exponential,single_diode_exponential,single_diode_exponential/hidden_2/hidden_256,<source-tree>/labs/figures_for_paper_digits/timings/final_selected_runs_self_contained/runs/single_diode_exponential/hidden_2/hidden_256/config/config_resolved.json,True,<source-tree>/labs/figures_for_paper_digits/timings/final_selected_runs_self_contained/runs/single_diode_exponential/hidden_2/hidden_256/weights/weights.pt,digits,single_diode_exponential,"[128, 256, 256, 10]",10.0,4.0,1.0,1e-07,100.0,165,1,1e-05,1e-06,512,overrelaxed,float64,True,True,32,1.4,"[0.002, 0.002, 0.002]",,0.8944444444444445,322,360,,False,,False,,,,<source-tree>/labs/figures_for_paper_digits/timings/final_selected_runs_self_contained/reruns_maxicao_20260429-103559/single_diode_exponential/hidden_2/hidden_256/20260429-104822_single_diode_exponential/error_npz_vs_spice/cross_layer_rel_l1_percentiles_node_weighted.json,True,2.0558013715895263e-05,.,True,complete_with_error_summary_only
april29_self_contained,<source-tree>/labs/figures_for_paper_digits/timings/final_selected_runs_self_contained/reruns_maxicao_20260429-103559,single_diode_exponential/hidden_2/hidden_512/20260429-104848_single_diode_exponential,<source-tree>/labs/figures_for_paper_digits/timings/final_selected_runs_self_contained/reruns_maxicao_20260429-103559/single_diode_exponential/hidden_2/hidden_512/20260429-104848_single_diode_exponential,single_diode_exponential,single_diode_exponential/hidden_2/hidden_512,<source-tree>/labs/figures_for_paper_digits/timings/final_selected_runs_self_contained/runs/single_diode_exponential/hidden_2/hidden_512/config/config_resolved.json,True,<source-tree>/labs/figures_for_paper_digits/timings/final_selected_runs_self_contained/runs/single_diode_exponential/hidden_2/hidden_512/weights/weights.pt,digits,single_diode_exponential,"[128, 512, 512, 10]",10.0,4.0,1.0,1e-07,100.0,165,1,1e-05,1e-06,512,overrelaxed,float64,True,True,8,1.4,"[0.002, 0.005, 0.001]",,0.8361111111111111,301,360,,False,,False,,,,<source-tree>/labs/figures_for_paper_digits/timings/final_selected_runs_self_contained/reruns_maxicao_20260429-103559/single_diode_exponential/hidden_2/hidden_512/20260429-104848_single_diode_exponential/error_npz_vs_spice/cross_layer_rel_l1_percentiles_node_weighted.json,True,3.813103517614537e-05,.,True,complete_with_error_summary_only
april29_self_contained,<source-tree>/labs/figures_for_paper_digits/timings/final_selected_runs_self_contained/reruns_maxicao_20260429-103559,single_diode_exponential/hidden_2/hidden_64/20260429-104741_single_diode_exponential,<source-tree>/labs/figures_for_paper_digits/timings/final_selected_runs_self_contained/reruns_maxicao_20260429-103559/single_diode_exponential/hidden_2/hidden_64/20260429-104741_single_diode_exponential,single_diode_exponential,single_diode_exponential/hidden_2/hidden_64,<source-tree>/labs/figures_for_paper_digits/timings/final_selected_runs_self_contained/runs/single_diode_exponential/hidden_2/hidden_64/config/config_resolved.json,True,<source-tree>/labs/figures_for_paper_digits/timings/final_selected_runs_self_contained/runs/single_diode_exponential/hidden_2/hidden_64/weights/weights.pt,digits,single_diode_exponential,"[128, 64, 64, 10]",10.0,2.0,1.0,1e-07,100.0,165,1,1e-05,1e-06,512,overrelaxed,float64,True,True,8,1.4,"[0.005619141112664136, 0.002210954551703908, 0.0004220579999619152]",,0.8555555555555555,308,360,,False,,False,,,,<source-tree>/labs/figures_for_paper_digits/timings/final_selected_runs_self_contained/reruns_maxicao_20260429-103559/single_diode_exponential/hidden_2/hidden_64/20260429-104741_single_diode_exponential/error_npz_vs_spice/cross_layer_rel_l1_percentiles_node_weighted.json,True,1.3910690885327073e-05,.,True,complete_with_error_summary_only
april29_self_contained,<source-tree>/labs/figures_for_paper_digits/timings/final_selected_runs_self_contained/reruns_maxicao_20260429-103559,single_diode_exponential/hidden_3/hidden_128/20260429-105152_single_diode_exponential,<source-tree>/labs/figures_for_paper_digits/timings/final_selected_runs_self_contained/reruns_maxicao_20260429-103559/single_diode_exponential/hidden_3/hidden_128/20260429-105152_single_diode_exponential,single_diode_exponential,single_diode_exponential/hidden_3/hidden_128,<source-tree>/labs/figures_for_paper_digits/timings/final_selected_runs_self_contained/runs/single_diode_exponential/hidden_3/hidden_128/config/config_resolved.json,True,<source-tree>/labs/figures_for_paper_digits/timings/final_selected_runs_self_contained/runs/single_diode_exponential/hidden_3/hidden_128/weights/weights.pt,digits,single_diode_exponential,"[128, 128, 128, 128, 10]",10.0,4.0,1.0,1e-07,100.0,100,1,1e-05,1e-06,512,overrelaxed,float64,True,True,32,1.4,"[0.05, 0.2, 0.15, 0.2]",,0.8416666666666667,303,360,,False,,False,,,,<source-tree>/labs/figures_for_paper_digits/timings/final_selected_runs_self_contained/reruns_maxicao_20260429-103559/single_diode_exponential/hidden_3/hidden_128/20260429-105152_single_diode_exponential/error_npz_vs_spice/cross_layer_rel_l1_percentiles_node_weighted.json,True,1.5974043733541934e-05,.,True,complete_with_error_summary_only
april29_self_contained,<source-tree>/labs/figures_for_paper_digits/timings/final_selected_runs_self_contained/reruns_maxicao_20260429-103559,single_diode_exponential/hidden_3/hidden_256/20260429-105231_single_diode_exponential,<source-tree>/labs/figures_for_paper_digits/timings/final_selected_runs_self_contained/reruns_maxicao_20260429-103559/single_diode_exponential/hidden_3/hidden_256/20260429-105231_single_diode_exponential,single_diode_exponential,single_diode_exponential/hidden_3/hidden_256,<source-tree>/labs/figures_for_paper_digits/timings/final_selected_runs_self_contained/runs/single_diode_exponential/hidden_3/hidden_256/config/config_resolved.json,True,<source-tree>/labs/figures_for_paper_digits/timings/final_selected_runs_self_contained/runs/single_diode_exponential/hidden_3/hidden_256/weights/weights.pt,digits,single_diode_exponential,"[128, 256, 256, 256, 20]",17.0,4.0,1.0,1e-07,100.0,165.0,1,1e-05,1e-06,512,custom,overrelaxed,True,True,9,1.4,"[0.36804738847042845, 0.2350663091422778, 0.13196208090589237, 0.015558928515932262]",,0.8444444444444444,304,360,,False,,False,,,,<source-tree>/labs/figures_for_paper_digits/timings/final_selected_runs_self_contained/reruns_maxicao_20260429-103559/single_diode_exponential/hidden_3/hidden_256/20260429-105231_single_diode_exponential/error_npz_vs_spice/cross_layer_rel_l1_percentiles_node_weighted.json,True,9.895623232375704e-05,.,True,complete_with_error_summary_only
april29_self_contained,<source-tree>/labs/figures_for_paper_digits/timings/final_selected_runs_self_contained/reruns_maxicao_20260429-103559,single_diode_exponential/hidden_3/hidden_512/20260429-105441_single_diode_exponential,<source-tree>/labs/figures_for_paper_digits/timings/final_selected_runs_self_contained/reruns_maxicao_20260429-103559/single_diode_exponential/hidden_3/hidden_512/20260429-105441_single_diode_exponential,single_diode_exponential,single_diode_exponential/hidden_3/hidden_512,<source-tree>/labs/figures_for_paper_digits/timings/final_selected_runs_self_contained/runs/single_diode_exponential/hidden_3/hidden_512/config/config_resolved.json,True,<source-tree>/labs/figures_for_paper_digits/timings/final_selected_runs_self_contained/runs/single_diode_exponential/hidden_3/hidden_512/weights/weights.pt,digits,single_diode_exponential,"[128, 512, 512, 512, 10]",17.0,4.0,1.0,1e-07,100.0,165.0,1,1e-05,1e-05,512,overrelaxed,overrelaxed,True,True,9,1.4,"[0.36804738847042845, 0.2350663091422778, 0.13196208090589237, 0.015558928515932262]",,0.8305555555555556,299,360,,False,,False,,,,,False,,.,True,validation_only_or_in_progress
april29_self_contained,<source-tree>/labs/figures_for_paper_digits/timings/final_selected_runs_self_contained/reruns_maxicao_20260429-103559,single_diode_exponential/hidden_3/hidden_64/20260429-105022_single_diode_exponential,<source-tree>/labs/figures_for_paper_digits/timings/final_selected_runs_self_contained/reruns_maxicao_20260429-103559/single_diode_exponential/hidden_3/hidden_64/20260429-105022_single_diode_exponential,single_diode_exponential,single_diode_exponential/hidden_3/hidden_64,<source-tree>/labs/figures_for_paper_digits/timings/final_selected_runs_self_contained/runs/single_diode_exponential/hidden_3/hidden_64/config/config_resolved.json,True,<source-tree>/labs/figures_for_paper_digits/timings/final_selected_runs_self_contained/runs/single_diode_exponential/hidden_3/hidden_64/weights/weights.pt,digits,single_diode_exponential,"[128, 64, 64, 64, 10]",10.0,4.0,1.0,1e-07,100.0,100,1,1e-05,1e-06,512,overrelaxed,float64,True,True,8,1.4,"[0.4, 0.8, 0.3, 0.3]",,0.7972222222222223,287,360,,False,,False,,,,<source-tree>/labs/figures_for_paper_digits/timings/final_selected_runs_self_contained/reruns_maxicao_20260429-103559/single_diode_exponential/hidden_3/hidden_64/20260429-105022_single_diode_exponential/error_npz_vs_spice/cross_layer_rel_l1_percentiles_node_weighted.json,True,5.65957312289757e-05,.,True,complete_with_error_summary_only
double_diode_3x256_single_run_in_progress,<source-tree>/labs/figures_for_paper_digits/timings/double_diode_3x256_single_run_b1_20260519-20260519-063956,double_diode_exponential_3x256/20260519-064029_double_diode_exponential,<source-tree>/labs/figures_for_paper_digits/timings/double_diode_3x256_single_run_b1_20260519-20260519-063956/double_diode_exponential_3x256/20260519-064029_double_diode_exponential,double_diode_exponential_3x256,double_diode_exponential_3x256,<scratch>/validation_batch1_configs_20260518/double_3x256.json,True,<paper-source-results>/digits_simulations/double_diode_exponential/hidden_3/hidden_256/hard_sigmoid_v_off_1p4_gon10_goff1e-7_bp_lr0p005_until92_staged/stage500_train/20260507-204632_hard_sigmoid/model_test_accuracy_0p92.pt,digits,double_diode_exponential,"[128, 256, 256, 256, 20]",10.0,4.0,1.0,1e-07,100.0,100000.0,1,1e-05,1e-06,512,custom,overrelaxed,True,True,9,1.4,"[0.3, 0.3, 0.3, 0.3]",,0.9027777777777778,325,360,,False,,False,,,,,False,,<source-tree>/labs/figures_for_paper_digits/timings/double_diode_3x256_single_run_b1_20260519-20260519-063956/wall_time.txt,True,validation_only_or_in_progress
double_diode_replacement,<source-tree>/labs/figures_for_paper_digits/timings/double_diode_replacement_reruns_maxicao_20260518-124819,double_diode_exponential_3x256/20260518-125051_double_diode_exponential,<source-tree>/labs/figures_for_paper_digits/timings/double_diode_replacement_reruns_maxicao_20260518-124819/double_diode_exponential_3x256/20260518-125051_double_diode_exponential,double_diode_exponential_3x256,double_diode_exponential_3x256,<paper-source-results>/digits_simulations/double_diode_exponential/hidden_3/hidden_256/hard_sigmoid_v_off_1p4_gon10_goff1e-7_bp_lr0p005_until92_staged/config/config_validate_original_double_diode_exponential.json,True,<paper-source-results>/digits_simulations/double_diode_exponential/hidden_3/hidden_256/hard_sigmoid_v_off_1p4_gon10_goff1e-7_bp_lr0p005_until92_staged/stage500_train/20260507-204632_hard_sigmoid/model_test_accuracy_0p92.pt,digits,double_diode_exponential,"[128, 256, 256, 256, 20]",10.0,4.0,1.0,1e-07,100.0,100000.0,10,1e-05,1e-06,512,custom,overrelaxed,True,True,9,1.4,"[0.3, 0.3, 0.3, 0.3]",,0.9027777777777778,325,360,,False,,False,,,,,False,,.,True,validation_only_or_in_progress
double_diode_replacement,<source-tree>/labs/figures_for_paper_digits/timings/double_diode_replacement_reruns_maxicao_20260518-124819,double_diode_exponential_3x64/20260518-124823_double_diode_exponential,<source-tree>/labs/figures_for_paper_digits/timings/double_diode_replacement_reruns_maxicao_20260518-124819/double_diode_exponential_3x64/20260518-124823_double_diode_exponential,double_diode_exponential_3x64,double_diode_exponential_3x64,<paper-source-results>/digits_simulations/double_diode_exponential/hidden_3/hidden_64/hard_sigmoid_v_off_1p4_gon10_goff1e-7_bp_lr0p005_until92_staged/config/config_validate_original_double_diode_exponential.json,True,<paper-source-results>/digits_simulations/double_diode_exponential/hidden_3/hidden_64/hard_sigmoid_v_off_1p4_gon10_goff1e-7_bp_lr0p005_until92_staged/stage500_train/20260507-204632_hard_sigmoid/model_test_accuracy_0p92.pt,digits,double_diode_exponential,"[128, 64, 64, 64, 20]",10.0,4.0,1.0,1e-07,100.0,100000.0,10,1e-05,1e-06,512,custom,float64_overrelaxed,True,True,9,1.2,"[0.3, 0.3, 0.3, 0.3]",,0.9194444444444444,331,360,<source-tree>/labs/figures_for_paper_digits/timings/double_diode_replacement_reruns_maxicao_20260518-124819/double_diode_exponential_3x64/20260518-124823_double_diode_exponential/validation_states_spice_layers.npz,True,<source-tree>/labs/figures_for_paper_digits/timings/double_diode_replacement_reruns_maxicao_20260518-124819/double_diode_exponential_3x64/20260518-124823_double_diode_exponential/validation_states_spice_layers_metadata.json,True,138.92970724403858,137.8485182048753,0.06501024682074785,<source-tree>/labs/figures_for_paper_digits/timings/double_diode_replacement_reruns_maxicao_20260518-124819/double_diode_exponential_3x64/20260518-124823_double_diode_exponential/error_npz_vs_spice/cross_layer_rel_l1_percentiles_node_weighted.json,True,1.2789200887188366e-05,.,True,complete_with_spice_timing_json
double_diode_replacement,<source-tree>/labs/figures_for_paper_digits/timings/double_diode_replacement_reruns_maxicao_20260518-124819,double_diode_exponential_3x64_batch1/20260518-231929_double_diode_exponential,<source-tree>/labs/figures_for_paper_digits/timings/double_diode_replacement_reruns_maxicao_20260518-124819/double_diode_exponential_3x64_batch1/20260518-231929_double_diode_exponential,double_diode_exponential_3x64_batch1,double_diode_exponential_3x64_batch1,<scratch>/validation_batch1_configs_20260518/double_3x64.json,True,<paper-source-results>/digits_simulations/double_diode_exponential/hidden_3/hidden_64/hard_sigmoid_v_off_1p4_gon10_goff1e-7_bp_lr0p005_until92_staged/stage500_train/20260507-204632_hard_sigmoid/model_test_accuracy_0p92.pt,digits,double_diode_exponential,"[128, 64, 64, 64, 20]",10.0,4.0,1.0,1e-07,100.0,100000.0,1,1e-05,1e-06,512,custom,float64_overrelaxed,True,True,9,1.2,"[0.3, 0.3, 0.3, 0.3]",,0.9194444444444444,331,360,,False,,False,,,,<source-tree>/labs/figures_for_paper_digits/timings/double_diode_replacement_reruns_maxicao_20260518-124819/double_diode_exponential_3x64_batch1/20260518-231929_double_diode_exponential/error_npz_vs_spice/cross_layer_rel_l1_percentiles_node_weighted.json,True,1.2784065671213276e-05,.,True,complete_with_error_summary_only
high_accuracy_replacement,<source-tree>/labs/figures_for_paper_digits/timings/high_accuracy_replacement_reruns_maxicao_20260518-114011,single_diode_exponential_1x64/20260518-114015_single_diode_exponential,<source-tree>/labs/figures_for_paper_digits/timings/high_accuracy_replacement_reruns_maxicao_20260518-114011/single_diode_exponential_1x64/20260518-114015_single_diode_exponential,single_diode_exponential_1x64,single_diode_exponential_1x64,<paper-source-results>/digits_simulations/single_diode_exponential/hidden_1/hidden_64/high_accuracy_lpw_v_off_0p8_until92_20260504/config/config_validate_original_single_diode.json,True,<paper-source-results>/digits_simulations/single_diode_exponential/hidden_1/hidden_64/high_accuracy_lpw_v_off_0p8_until92_20260504/training_lpw_bp/20260504-172434_lpw_diode/model_test_accuracy_0p92.pt,digits,single_diode_exponential,"[128, 64, 10]",10.0,4.0,1.0,1e-07,100.0,165,1,1e-05,1e-06,128,overrelaxed,overrelaxed,True,True,8,1,"[0.1, 0.1]",,0.9138888888888889,329,360,<source-tree>/labs/figures_for_paper_digits/timings/high_accuracy_replacement_reruns_maxicao_20260518-114011/single_diode_exponential_1x64/20260518-114015_single_diode_exponential/validation_states_spice_layers.npz,True,<source-tree>/labs/figures_for_paper_digits/timings/high_accuracy_replacement_reruns_maxicao_20260518-114011/single_diode_exponential_1x64/20260518-114015_single_diode_exponential/validation_states_spice_layers_metadata.json,True,59.305170397274196,58.25535681191832,0.0339289428666234,<source-tree>/labs/figures_for_paper_digits/timings/high_accuracy_replacement_reruns_maxicao_20260518-114011/single_diode_exponential_1x64/20260518-114015_single_diode_exponential/error_npz_vs_spice/cross_layer_rel_l1_percentiles_node_weighted.json,True,1.5541532226706025e-05,.,True,complete_with_spice_timing_json
high_accuracy_replacement,<source-tree>/labs/figures_for_paper_digits/timings/high_accuracy_replacement_reruns_maxicao_20260518-114011,single_diode_exponential_3x128/20260518-114505_single_diode_exponential,<source-tree>/labs/figures_for_paper_digits/timings/high_accuracy_replacement_reruns_maxicao_20260518-114011/single_diode_exponential_3x128/20260518-114505_single_diode_exponential,single_diode_exponential_3x128,single_diode_exponential_3x128,<paper-source-results>/digits_simulations/single_diode_exponential/hidden_3/hidden_128/well_trained_voltage_amp4_input_gain17_validation_20260518/config/config_well_trained_voltage_amp4_input_gain17.json,True,<paper-source-results>/digits_simulations/single_diode_exponential/hidden_3/hidden_128/well_trained_voltage_amp4_input_gain17_validation_20260518/source/well_trained_voltage_amp2_model_best.pt,digits,single_diode_exponential,"[128, 128, 128, 128, 10]",17.0,4.0,1.0,1e-07,100.0,100,10,1e-05,1e-08,128,custom,float64,True,False,32,1,"[0.36804738847042845, 0.2350663091422778, 0.13196208090589237, 0.015558928515932262]",,0.8777777777777778,316,360,<source-tree>/labs/figures_for_paper_digits/timings/high_accuracy_replacement_reruns_maxicao_20260518-114011/single_diode_exponential_3x128/20260518-114505_single_diode_exponential/validation_states_spice_layers.npz,True,<source-tree>/labs/figures_for_paper_digits/timings/high_accuracy_replacement_reruns_maxicao_20260518-114011/single_diode_exponential_3x128/20260518-114505_single_diode_exponential/validation_states_spice_layers_metadata.json,True,1686.4958370802924,1685.2659834986553,0.1949526323005557,<source-tree>/labs/figures_for_paper_digits/timings/high_accuracy_replacement_reruns_maxicao_20260518-114011/single_diode_exponential_3x128/20260518-114505_single_diode_exponential/error_npz_vs_spice/cross_layer_rel_l1_percentiles_node_weighted.json,True,0.012241963379994548,.,True,complete_with_spice_timing_json
high_accuracy_replacement,<source-tree>/labs/figures_for_paper_digits/timings/high_accuracy_replacement_reruns_maxicao_20260518-114011,single_diode_exponential_3x128_batch1/20260518-231928_single_diode_exponential,<source-tree>/labs/figures_for_paper_digits/timings/high_accuracy_replacement_reruns_maxicao_20260518-114011/single_diode_exponential_3x128_batch1/20260518-231928_single_diode_exponential,single_diode_exponential_3x128_batch1,single_diode_exponential_3x128_batch1,<scratch>/validation_batch1_configs_20260518/single_3x128.json,True,<paper-source-results>/digits_simulations/single_diode_exponential/hidden_3/hidden_128/well_trained_voltage_amp4_input_gain17_validation_20260518/source/well_trained_voltage_amp2_model_best.pt,digits,single_diode_exponential,"[128, 128, 128, 128, 10]",17.0,4.0,1.0,1e-07,100.0,100,1,1e-05,1e-08,128,custom,float64,True,False,32,1,"[0.36804738847042845, 0.2350663091422778, 0.13196208090589237, 0.015558928515932262]",,0.8777777777777778,316,360,,False,,False,,,,<source-tree>/labs/figures_for_paper_digits/timings/high_accuracy_replacement_reruns_maxicao_20260518-114011/single_diode_exponential_3x128_batch1/20260518-231928_single_diode_exponential/error_npz_vs_spice/cross_layer_rel_l1_percentiles_node_weighted.json,True,0.012240244234309219,.,True,complete_with_error_summary_only
high_accuracy_replacement,<source-tree>/labs/figures_for_paper_digits/timings/high_accuracy_replacement_reruns_maxicao_20260518-114011,single_diode_exponential_3x64/20260518-114128_single_diode_exponential,<source-tree>/labs/figures_for_paper_digits/timings/high_accuracy_replacement_reruns_maxicao_20260518-114011/single_diode_exponential_3x64/20260518-114128_single_diode_exponential,single_diode_exponential_3x64,single_diode_exponential_3x64,<paper-source-results>/digits_simulations/single_diode_exponential/hidden_3/hidden_64/high_accuracy_lpw_v_off_1p4_input_gain17_lr0p05_until92_20260512/config/config_validate_original_single_diode_input_gain17.json,True,<paper-source-results>/digits_simulations/single_diode_exponential/hidden_3/hidden_64/high_accuracy_lpw_v_off_1p4_input_gain17_lr0p05_until92_20260512/training_lpw_bp/20260512-101258_lpw_diode/model_best.pt,digits,single_diode_exponential,"[128, 64, 64, 64, 10]",17.0,4.0,1.0,1e-07,100.0,100,10,1e-05,1e-06,512,overrelaxed,float64,True,True,8,1.4,"[0.4, 0.8, 0.3, 0.3]",,0.8944444444444445,322,360,<source-tree>/labs/figures_for_paper_digits/timings/high_accuracy_replacement_reruns_maxicao_20260518-114011/single_diode_exponential_3x64/20260518-114128_single_diode_exponential/validation_states_spice_layers.npz,True,<source-tree>/labs/figures_for_paper_digits/timings/high_accuracy_replacement_reruns_maxicao_20260518-114011/single_diode_exponential_3x64/20260518-114128_single_diode_exponential/validation_states_spice_layers_metadata.json,True,186.35230378434062,185.26921815425158,0.06625239923596382,<source-tree>/labs/figures_for_paper_digits/timings/high_accuracy_replacement_reruns_maxicao_20260518-114011/single_diode_exponential_3x64/20260518-114128_single_diode_exponential/error_npz_vs_spice/cross_layer_rel_l1_percentiles_node_weighted.json,True,6.797022314976318e-05,.,True,complete_with_spice_timing_json
high_accuracy_replacement,<source-tree>/labs/figures_for_paper_digits/timings/high_accuracy_replacement_reruns_maxicao_20260518-114011,single_diode_exponential_3x64_batch1/20260518-231928_single_diode_exponential,<source-tree>/labs/figures_for_paper_digits/timings/high_accuracy_replacement_reruns_maxicao_20260518-114011/single_diode_exponential_3x64_batch1/20260518-231928_single_diode_exponential,single_diode_exponential_3x64_batch1,single_diode_exponential_3x64_batch1,<scratch>/validation_batch1_configs_20260518/single_3x64.json,True,<paper-source-results>/digits_simulations/single_diode_exponential/hidden_3/hidden_64/high_accuracy_lpw_v_off_1p4_input_gain17_lr0p05_until92_20260512/training_lpw_bp/20260512-101258_lpw_diode/model_best.pt,digits,single_diode_exponential,"[128, 64, 64, 64, 10]",17.0,4.0,1.0,1e-07,100.0,100,1,1e-05,1e-06,512,overrelaxed,float64,True,True,8,1.4,"[0.4, 0.8, 0.3, 0.3]",,0.8944444444444445,322,360,,False,,False,,,,<source-tree>/labs/figures_for_paper_digits/timings/high_accuracy_replacement_reruns_maxicao_20260518-114011/single_diode_exponential_3x64_batch1/20260518-231928_single_diode_exponential/error_npz_vs_spice/cross_layer_rel_l1_percentiles_node_weighted.json,True,9.130020219721943e-05,.,True,complete_with_error_summary_only
single_diode_triplet_epoch3_batch1,<paper-source-results>/digits_simulations/single_diode_exponential/hidden_3/hidden_128/spice_validation_triplet_input_gain17_20260518/ep_epoch3_92p22/validation_batch1,20260518-231928_single_diode_exponential,<paper-source-results>/digits_simulations/single_diode_exponential/hidden_3/hidden_128/spice_validation_triplet_input_gain17_20260518/ep_epoch3_92p22/validation_batch1/20260518-231928_single_diode_exponential,20260518-231928_single_diode_exponential,20260518-231928_single_diode_exponential,<scratch>/validation_batch1_configs_20260518/triplet_epoch3.json,True,<paper-source-results>/digits_simulations/single_diode_exponential/hidden_3/hidden_128/spice_validation_triplet_input_gain17_20260518/ep_epoch3_92p22/weights/model.pt,digits,single_diode_exponential,"[128, 128, 128, 128, 10]",17.0,4.0,1.0,1e-07,100.0,100,1,1e-05,1e-06,512,overrelaxed,float64,True,True,32,1.4,"[0.05, 0.2, 0.15, 0.2]",,0.9222222222222223,332,360,,False,,False,,,,<paper-source-results>/digits_simulations/single_diode_exponential/hidden_3/hidden_128/spice_validation_triplet_input_gain17_20260518/ep_epoch3_92p22/validation_batch1/20260518-231928_single_diode_exponential/error_npz_vs_spice/cross_layer_rel_l1_percentiles_node_weighted.json,True,1.598938975750635e-05,.,True,complete_with_error_summary_only
table1_reference,<source-tree>/labs/figures_for_paper_digits/timings/selected_for_paper/reruns_table1_reference_20260429-113041,double_diode_exponential/hidden_3/hidden_256/20260429-113044_double_diode_exponential,<source-tree>/labs/figures_for_paper_digits/timings/selected_for_paper/reruns_table1_reference_20260429-113041/double_diode_exponential/hidden_3/hidden_256/20260429-113044_double_diode_exponential,double_diode_exponential,double_diode_exponential/hidden_3/hidden_256,<source-tree>/labs/figures_for_paper_digits/timings/selected_for_paper/runs/double_diode_exponential/hidden_3/hidden_256/table1_reference/config/config_resolved.json,True,<source-tree>/labs/figures_for_paper_digits/timings/selected_for_paper/runs/double_diode_exponential/hidden_3/hidden_256/table1_reference/weights/weights.pt,digits,double_diode_exponential,"[128, 256, 256, 256, 20]",10.0,4.0,1.0,1e-07,100.0,100000.0,1,1e-05,1e-06,512,custom,overrelaxed,True,True,9,1.4,"[0.3, 0.3, 0.3, 0.3]",,0.8277777777777777,298,360,,False,,False,,,,<source-tree>/labs/figures_for_paper_digits/timings/selected_for_paper/reruns_table1_reference_20260429-113041/double_diode_exponential/hidden_3/hidden_256/20260429-113044_double_diode_exponential/error_npz_vs_spice/cross_layer_rel_l1_percentiles_node_weighted.json,True,1.1815367642927831e-05,.,True,complete_with_error_summary_only
