group,case_id,purpose,status,accuracy_pct,correct,total,non_linearity,dims,input_gain,voltage_amp,current_amp,batch_size,exp_clip,max_newton_iters,rel_tol,vn_tol,num_iterations,use_polish,updater,overrelaxation_factor,p90_node_weighted_rel_l1,spice_netlist_seconds,spice_simulation_seconds,spice_total_seconds,notes,run_dir,config_path,p90_source,spice_npz,spice_timing_source,weights_path
cd_only_overrides_existing_spice,april29_self_contained/double_diode_exponential/hidden_1/hidden_1024,CD-only rerun with batch_size=1 exp_clip=165 max_newton_iters=8 against fixed existing SPICE,ok,95.0,342,360,double_diode_exponential,"[128, 1024, 20]",10.0,4.0,1.0,1,165,8,1e-05,1e-06,128,True,float64_overrelaxed,1.2,1.2742411463990392e-05,,,,old_p90=1.274241146399039e-05; ratio=1; drastic_change=False,<source-tree>/labs/figures_for_paper_digits/timings/cd_validation_existing_spice_overrides_20260519-20260519-071458/april29_self_contained/double_diode_exponential/hidden_1/hidden_1024/20260519-071501_double_diode_exponential,<source-tree>/labs/figures_for_paper_digits/timings/cd_validation_existing_spice_overrides_20260519-20260519-071458/configs/april29_self_contained/double_diode_exponential/hidden_1/hidden_1024/config_override.json,<source-tree>/labs/figures_for_paper_digits/timings/cd_validation_existing_spice_overrides_20260519-20260519-071458/april29_self_contained/double_diode_exponential/hidden_1/hidden_1024/20260519-071501_double_diode_exponential/error_npz_vs_existing_spice/cross_layer_rel_l1_percentiles_node_weighted.json,,,<source-tree>/labs/figures_for_paper_digits/timings/final_selected_runs_self_contained/runs/double_diode_exponential/hidden_1/hidden_1024/weights/weights.pt
cd_only_overrides_existing_spice,april29_self_contained/double_diode_exponential/hidden_1/hidden_128,CD-only rerun with batch_size=1 exp_clip=165 max_newton_iters=8 against fixed existing SPICE,ok,91.66666666666666,330,360,double_diode_exponential,"[128, 128, 20]",10.0,4.0,1.0,1,165,8,1e-05,1e-06,512,True,float64_overrelaxed,1.2,9.949713560947013e-06,,,,old_p90=9.949713560947013e-06; ratio=1; drastic_change=False,<source-tree>/labs/figures_for_paper_digits/timings/cd_validation_existing_spice_overrides_20260519-20260519-071458/april29_self_contained/double_diode_exponential/hidden_1/hidden_128/20260519-071501_double_diode_exponential,<source-tree>/labs/figures_for_paper_digits/timings/cd_validation_existing_spice_overrides_20260519-20260519-071458/configs/april29_self_contained/double_diode_exponential/hidden_1/hidden_128/config_override.json,<source-tree>/labs/figures_for_paper_digits/timings/cd_validation_existing_spice_overrides_20260519-20260519-071458/april29_self_contained/double_diode_exponential/hidden_1/hidden_128/20260519-071501_double_diode_exponential/error_npz_vs_existing_spice/cross_layer_rel_l1_percentiles_node_weighted.json,,,<source-tree>/labs/figures_for_paper_digits/timings/final_selected_runs_self_contained/runs/double_diode_exponential/hidden_1/hidden_128/weights/weights.pt
cd_only_overrides_existing_spice,april29_self_contained/double_diode_exponential/hidden_1/hidden_256,CD-only rerun with batch_size=1 exp_clip=165 max_newton_iters=8 against fixed existing SPICE,ok,95.55555555555556,344,360,double_diode_exponential,"[128, 256, 20]",10.0,4.0,1.0,1,165,8,1e-05,1e-06,128,True,float64_overrelaxed,1.2,1.2551255418012064e-05,,,,old_p90=1.255125541801206e-05; ratio=1; drastic_change=False,<source-tree>/labs/figures_for_paper_digits/timings/cd_validation_existing_spice_overrides_20260519-20260519-071458/april29_self_contained/double_diode_exponential/hidden_1/hidden_256/20260519-071501_double_diode_exponential,<source-tree>/labs/figures_for_paper_digits/timings/cd_validation_existing_spice_overrides_20260519-20260519-071458/configs/april29_self_contained/double_diode_exponential/hidden_1/hidden_256/config_override.json,<source-tree>/labs/figures_for_paper_digits/timings/cd_validation_existing_spice_overrides_20260519-20260519-071458/april29_self_contained/double_diode_exponential/hidden_1/hidden_256/20260519-071501_double_diode_exponential/error_npz_vs_existing_spice/cross_layer_rel_l1_percentiles_node_weighted.json,,,<source-tree>/labs/figures_for_paper_digits/timings/final_selected_runs_self_contained/runs/double_diode_exponential/hidden_1/hidden_256/weights/weights.pt
cd_only_overrides_existing_spice,april29_self_contained/double_diode_exponential/hidden_1/hidden_512,CD-only rerun with batch_size=1 exp_clip=165 max_newton_iters=8 against fixed existing SPICE,ok,96.11111111111111,346,360,double_diode_exponential,"[128, 512, 20]",10.0,4.0,1.0,1,165,8,1e-05,1e-06,128,True,float64_overrelaxed,1.2,1.2465699447067399e-05,,,,old_p90=1.24656994470674e-05; ratio=1; drastic_change=False,<source-tree>/labs/figures_for_paper_digits/timings/cd_validation_existing_spice_overrides_20260519-20260519-071458/april29_self_contained/double_diode_exponential/hidden_1/hidden_512/20260519-071501_double_diode_exponential,<source-tree>/labs/figures_for_paper_digits/timings/cd_validation_existing_spice_overrides_20260519-20260519-071458/configs/april29_self_contained/double_diode_exponential/hidden_1/hidden_512/config_override.json,<source-tree>/labs/figures_for_paper_digits/timings/cd_validation_existing_spice_overrides_20260519-20260519-071458/april29_self_contained/double_diode_exponential/hidden_1/hidden_512/20260519-071501_double_diode_exponential/error_npz_vs_existing_spice/cross_layer_rel_l1_percentiles_node_weighted.json,,,<source-tree>/labs/figures_for_paper_digits/timings/final_selected_runs_self_contained/runs/double_diode_exponential/hidden_1/hidden_512/weights/weights.pt
cd_only_overrides_existing_spice,april29_self_contained/double_diode_exponential/hidden_1/hidden_64,CD-only rerun with batch_size=1 exp_clip=165 max_newton_iters=8 against fixed existing SPICE,ok,95.0,342,360,double_diode_exponential,"[128, 64, 20]",10.0,4.0,1.0,1,165,8,1e-05,1e-06,128,True,float64_overrelaxed,1.2,1.4629384112930124e-05,,,,old_p90=1.462938411293012e-05; ratio=1; drastic_change=False,<source-tree>/labs/figures_for_paper_digits/timings/cd_validation_existing_spice_overrides_20260519-20260519-071458/april29_self_contained/double_diode_exponential/hidden_1/hidden_64/20260519-071510_double_diode_exponential,<source-tree>/labs/figures_for_paper_digits/timings/cd_validation_existing_spice_overrides_20260519-20260519-071458/configs/april29_self_contained/double_diode_exponential/hidden_1/hidden_64/config_override.json,<source-tree>/labs/figures_for_paper_digits/timings/cd_validation_existing_spice_overrides_20260519-20260519-071458/april29_self_contained/double_diode_exponential/hidden_1/hidden_64/20260519-071510_double_diode_exponential/error_npz_vs_existing_spice/cross_layer_rel_l1_percentiles_node_weighted.json,,,<source-tree>/labs/figures_for_paper_digits/timings/final_selected_runs_self_contained/runs/double_diode_exponential/hidden_1/hidden_64/weights/weights.pt
cd_only_overrides_existing_spice,april29_self_contained/double_diode_exponential/hidden_2/hidden_128,CD-only rerun with batch_size=1 exp_clip=165 max_newton_iters=8 against fixed existing SPICE,ok,94.44444444444444,340,360,double_diode_exponential,"[128, 128, 128, 20]",10.0,4.0,1.0,1,165,8,1e-05,1e-06,64,True,float64_overrelaxed,1.4,1.2459982658328006e-05,,,,old_p90=1.245998265832801e-05; ratio=1; drastic_change=False,<source-tree>/labs/figures_for_paper_digits/timings/cd_validation_existing_spice_overrides_20260519-20260519-071458/april29_self_contained/double_diode_exponential/hidden_2/hidden_128/20260519-071511_double_diode_exponential,<source-tree>/labs/figures_for_paper_digits/timings/cd_validation_existing_spice_overrides_20260519-20260519-071458/configs/april29_self_contained/double_diode_exponential/hidden_2/hidden_128/config_override.json,<source-tree>/labs/figures_for_paper_digits/timings/cd_validation_existing_spice_overrides_20260519-20260519-071458/april29_self_contained/double_diode_exponential/hidden_2/hidden_128/20260519-071511_double_diode_exponential/error_npz_vs_existing_spice/cross_layer_rel_l1_percentiles_node_weighted.json,,,<source-tree>/labs/figures_for_paper_digits/timings/final_selected_runs_self_contained/runs/double_diode_exponential/hidden_2/hidden_128/weights/weights.pt
cd_only_overrides_existing_spice,april29_self_contained/double_diode_exponential/hidden_2/hidden_256,CD-only rerun with batch_size=1 exp_clip=165 max_newton_iters=8 against fixed existing SPICE,ok,93.61111111111111,337,360,double_diode_exponential,"[128, 256, 256, 20]",10.0,4.0,1.0,1,165,8,1e-05,1e-06,512,True,float64_overrelaxed,1.4,2.0202539953113604e-05,,,,old_p90=2.02025399531136e-05; ratio=1; drastic_change=False,<source-tree>/labs/figures_for_paper_digits/timings/cd_validation_existing_spice_overrides_20260519-20260519-071458/april29_self_contained/double_diode_exponential/hidden_2/hidden_256/20260519-071512_double_diode_exponential,<source-tree>/labs/figures_for_paper_digits/timings/cd_validation_existing_spice_overrides_20260519-20260519-071458/configs/april29_self_contained/double_diode_exponential/hidden_2/hidden_256/config_override.json,<source-tree>/labs/figures_for_paper_digits/timings/cd_validation_existing_spice_overrides_20260519-20260519-071458/april29_self_contained/double_diode_exponential/hidden_2/hidden_256/20260519-071512_double_diode_exponential/error_npz_vs_existing_spice/cross_layer_rel_l1_percentiles_node_weighted.json,,,<source-tree>/labs/figures_for_paper_digits/timings/final_selected_runs_self_contained/runs/double_diode_exponential/hidden_2/hidden_256/weights/weights.pt
cd_only_overrides_existing_spice,april29_self_contained/double_diode_exponential/hidden_2/hidden_512,CD-only rerun with batch_size=1 exp_clip=165 max_newton_iters=8 against fixed existing SPICE,ok,93.33333333333333,336,360,double_diode_exponential,"[128, 512, 512, 20]",10.0,4.0,1.0,1,165,8,1e-05,1e-06,512,True,float64_overrelaxed,1.4,2.6923844157675913e-05,,,,old_p90=2.692384415767591e-05; ratio=1; drastic_change=False,<source-tree>/labs/figures_for_paper_digits/timings/cd_validation_existing_spice_overrides_20260519-20260519-071458/april29_self_contained/double_diode_exponential/hidden_2/hidden_512/20260519-071513_double_diode_exponential,<source-tree>/labs/figures_for_paper_digits/timings/cd_validation_existing_spice_overrides_20260519-20260519-071458/configs/april29_self_contained/double_diode_exponential/hidden_2/hidden_512/config_override.json,<source-tree>/labs/figures_for_paper_digits/timings/cd_validation_existing_spice_overrides_20260519-20260519-071458/april29_self_contained/double_diode_exponential/hidden_2/hidden_512/20260519-071513_double_diode_exponential/error_npz_vs_existing_spice/cross_layer_rel_l1_percentiles_node_weighted.json,,,<source-tree>/labs/figures_for_paper_digits/timings/final_selected_runs_self_contained/runs/double_diode_exponential/hidden_2/hidden_512/weights/weights.pt
cd_only_overrides_existing_spice,april29_self_contained/double_diode_exponential/hidden_2/hidden_64,CD-only rerun with batch_size=1 exp_clip=165 max_newton_iters=8 against fixed existing SPICE,ok,93.88888888888889,338,360,double_diode_exponential,"[128, 64, 64, 20]",10.0,4.0,1.0,1,165,8,1e-05,1e-06,512,True,float64_overrelaxed,1.4,1.7628393070412995e-05,,,,old_p90=1.762839307041299e-05; ratio=1; drastic_change=False,<source-tree>/labs/figures_for_paper_digits/timings/cd_validation_existing_spice_overrides_20260519-20260519-071458/april29_self_contained/double_diode_exponential/hidden_2/hidden_64/20260519-071519_double_diode_exponential,<source-tree>/labs/figures_for_paper_digits/timings/cd_validation_existing_spice_overrides_20260519-20260519-071458/configs/april29_self_contained/double_diode_exponential/hidden_2/hidden_64/config_override.json,<source-tree>/labs/figures_for_paper_digits/timings/cd_validation_existing_spice_overrides_20260519-20260519-071458/april29_self_contained/double_diode_exponential/hidden_2/hidden_64/20260519-071519_double_diode_exponential/error_npz_vs_existing_spice/cross_layer_rel_l1_percentiles_node_weighted.json,,,<source-tree>/labs/figures_for_paper_digits/timings/final_selected_runs_self_contained/runs/double_diode_exponential/hidden_2/hidden_64/weights/weights.pt
cd_only_overrides_existing_spice,april29_self_contained/double_diode_exponential/hidden_3/hidden_256,CD-only rerun with batch_size=1 exp_clip=165 max_newton_iters=8 against fixed existing SPICE,ok,89.16666666666667,321,360,hard_sigmoid,"[128, 256, 256, 256, 20]",10.0,4.0,1.0,1,165,8,1e-05,1e-06,512,True,float64_overrelaxed,1.4,0.24621223644100587,,,,old_p90=0.2462122364410059; ratio=1; drastic_change=False,<source-tree>/labs/figures_for_paper_digits/timings/cd_validation_existing_spice_overrides_20260519-20260519-071458/april29_self_contained/double_diode_exponential/hidden_3/hidden_256/20260519-071529_hard_sigmoid,<source-tree>/labs/figures_for_paper_digits/timings/cd_validation_existing_spice_overrides_20260519-20260519-071458/configs/april29_self_contained/double_diode_exponential/hidden_3/hidden_256/config_override.json,<source-tree>/labs/figures_for_paper_digits/timings/cd_validation_existing_spice_overrides_20260519-20260519-071458/april29_self_contained/double_diode_exponential/hidden_3/hidden_256/20260519-071529_hard_sigmoid/error_npz_vs_existing_spice/cross_layer_rel_l1_percentiles_node_weighted.json,,,<source-tree>/labs/figures_for_paper_digits/timings/final_selected_runs_self_contained/runs/double_diode_exponential/hidden_3/hidden_256/weights/weights.pt
cd_only_overrides_existing_spice,april29_self_contained/double_diode_exponential/hidden_3/hidden_64,CD-only rerun with batch_size=1 exp_clip=165 max_newton_iters=8 against fixed existing SPICE,ok,82.5,297,360,double_diode_exponential,"[128, 64, 64, 64, 20]",10.0,4.0,1.0,1,165,8,1e-05,1e-06,512,True,float64_overrelaxed,1.2,1.2564088002880897e-05,,,,old_p90=1.25640880028809e-05; ratio=1; drastic_change=False,<source-tree>/labs/figures_for_paper_digits/timings/cd_validation_existing_spice_overrides_20260519-20260519-071458/april29_self_contained/double_diode_exponential/hidden_3/hidden_64/20260519-071533_double_diode_exponential,<source-tree>/labs/figures_for_paper_digits/timings/cd_validation_existing_spice_overrides_20260519-20260519-071458/configs/april29_self_contained/double_diode_exponential/hidden_3/hidden_64/config_override.json,<source-tree>/labs/figures_for_paper_digits/timings/cd_validation_existing_spice_overrides_20260519-20260519-071458/april29_self_contained/double_diode_exponential/hidden_3/hidden_64/20260519-071533_double_diode_exponential/error_npz_vs_existing_spice/cross_layer_rel_l1_percentiles_node_weighted.json,,,<source-tree>/labs/figures_for_paper_digits/timings/final_selected_runs_self_contained/runs/double_diode_exponential/hidden_3/hidden_64/weights/weights.pt
cd_only_overrides_existing_spice,april29_self_contained/single_diode_exponential/hidden_1/hidden_1024,CD-only rerun with batch_size=1 exp_clip=165 max_newton_iters=8 against fixed existing SPICE,ok,97.5,351,360,single_diode_exponential,"[128, 1024, 10]",10.0,4.0,1.0,1,165,8,1e-05,1e-06,128,True,overrelaxed,1,1.1361879585504223e-05,,,,old_p90=1.136187958550422e-05; ratio=1; drastic_change=False,<source-tree>/labs/figures_for_paper_digits/timings/cd_validation_existing_spice_overrides_20260519-20260519-071458/april29_self_contained/single_diode_exponential/hidden_1/hidden_1024/20260519-071553_single_diode_exponential,<source-tree>/labs/figures_for_paper_digits/timings/cd_validation_existing_spice_overrides_20260519-20260519-071458/configs/april29_self_contained/single_diode_exponential/hidden_1/hidden_1024/config_override.json,<source-tree>/labs/figures_for_paper_digits/timings/cd_validation_existing_spice_overrides_20260519-20260519-071458/april29_self_contained/single_diode_exponential/hidden_1/hidden_1024/20260519-071553_single_diode_exponential/error_npz_vs_existing_spice/cross_layer_rel_l1_percentiles_node_weighted.json,,,<source-tree>/labs/figures_for_paper_digits/timings/final_selected_runs_self_contained/runs/single_diode_exponential/hidden_1/hidden_1024/weights/weights.pt
cd_only_overrides_existing_spice,april29_self_contained/single_diode_exponential/hidden_1/hidden_256,CD-only rerun with batch_size=1 exp_clip=165 max_newton_iters=8 against fixed existing SPICE,ok,95.55555555555556,344,360,single_diode_exponential,"[128, 256, 10]",10.0,4.0,1.0,1,165,8,1e-05,1e-06,128,True,overrelaxed,1,1.636078529540565e-05,,,,old_p90=1.636078529540565e-05; ratio=1; drastic_change=False,<source-tree>/labs/figures_for_paper_digits/timings/cd_validation_existing_spice_overrides_20260519-20260519-071458/april29_self_contained/single_diode_exponential/hidden_1/hidden_256/20260519-071553_single_diode_exponential,<source-tree>/labs/figures_for_paper_digits/timings/cd_validation_existing_spice_overrides_20260519-20260519-071458/configs/april29_self_contained/single_diode_exponential/hidden_1/hidden_256/config_override.json,<source-tree>/labs/figures_for_paper_digits/timings/cd_validation_existing_spice_overrides_20260519-20260519-071458/april29_self_contained/single_diode_exponential/hidden_1/hidden_256/20260519-071553_single_diode_exponential/error_npz_vs_existing_spice/cross_layer_rel_l1_percentiles_node_weighted.json,,,<source-tree>/labs/figures_for_paper_digits/timings/final_selected_runs_self_contained/runs/single_diode_exponential/hidden_1/hidden_256/weights/weights.pt
cd_only_overrides_existing_spice,april29_self_contained/single_diode_exponential/hidden_1/hidden_512,CD-only rerun with batch_size=1 exp_clip=165 max_newton_iters=8 against fixed existing SPICE,ok,96.38888888888889,347,360,single_diode_exponential,"[128, 512, 10]",10.0,4.0,1.0,1,165,8,1e-05,1e-06,128,True,overrelaxed,1,1.1681781091374962e-05,,,,old_p90=1.168178109137496e-05; ratio=1; drastic_change=False,<source-tree>/labs/figures_for_paper_digits/timings/cd_validation_existing_spice_overrides_20260519-20260519-071458/april29_self_contained/single_diode_exponential/hidden_1/hidden_512/20260519-071556_single_diode_exponential,<source-tree>/labs/figures_for_paper_digits/timings/cd_validation_existing_spice_overrides_20260519-20260519-071458/configs/april29_self_contained/single_diode_exponential/hidden_1/hidden_512/config_override.json,<source-tree>/labs/figures_for_paper_digits/timings/cd_validation_existing_spice_overrides_20260519-20260519-071458/april29_self_contained/single_diode_exponential/hidden_1/hidden_512/20260519-071556_single_diode_exponential/error_npz_vs_existing_spice/cross_layer_rel_l1_percentiles_node_weighted.json,,,<source-tree>/labs/figures_for_paper_digits/timings/final_selected_runs_self_contained/runs/single_diode_exponential/hidden_1/hidden_512/weights/weights.pt
cd_only_overrides_existing_spice,april29_self_contained/single_diode_exponential/hidden_2/hidden_256,CD-only rerun with batch_size=1 exp_clip=165 max_newton_iters=8 against fixed existing SPICE,ok,89.44444444444444,322,360,single_diode_exponential,"[128, 256, 256, 10]",10.0,4.0,1.0,1,165,8,1e-05,1e-06,512,True,float64,1.4,2.0558013715895263e-05,,,,old_p90=2.055801371589526e-05; ratio=1; drastic_change=False,<source-tree>/labs/figures_for_paper_digits/timings/cd_validation_existing_spice_overrides_20260519-20260519-071458/april29_self_contained/single_diode_exponential/hidden_2/hidden_256/20260519-071601_single_diode_exponential,<source-tree>/labs/figures_for_paper_digits/timings/cd_validation_existing_spice_overrides_20260519-20260519-071458/configs/april29_self_contained/single_diode_exponential/hidden_2/hidden_256/config_override.json,<source-tree>/labs/figures_for_paper_digits/timings/cd_validation_existing_spice_overrides_20260519-20260519-071458/april29_self_contained/single_diode_exponential/hidden_2/hidden_256/20260519-071601_single_diode_exponential/error_npz_vs_existing_spice/cross_layer_rel_l1_percentiles_node_weighted.json,,,<source-tree>/labs/figures_for_paper_digits/timings/final_selected_runs_self_contained/runs/single_diode_exponential/hidden_2/hidden_256/weights/weights.pt
cd_only_overrides_existing_spice,april29_self_contained/single_diode_exponential/hidden_3/hidden_128,CD-only rerun with batch_size=1 exp_clip=165 max_newton_iters=8 against fixed existing SPICE,ok,84.16666666666667,303,360,single_diode_exponential,"[128, 128, 128, 128, 10]",10.0,4.0,1.0,1,165,8,1e-05,1e-06,512,True,float64,1.4,1.5974043733541934e-05,,,,old_p90=1.597404373354193e-05; ratio=1; drastic_change=False,<source-tree>/labs/figures_for_paper_digits/timings/cd_validation_existing_spice_overrides_20260519-20260519-071458/april29_self_contained/single_diode_exponential/hidden_3/hidden_128/20260519-071603_single_diode_exponential,<source-tree>/labs/figures_for_paper_digits/timings/cd_validation_existing_spice_overrides_20260519-20260519-071458/configs/april29_self_contained/single_diode_exponential/hidden_3/hidden_128/config_override.json,<source-tree>/labs/figures_for_paper_digits/timings/cd_validation_existing_spice_overrides_20260519-20260519-071458/april29_self_contained/single_diode_exponential/hidden_3/hidden_128/20260519-071603_single_diode_exponential/error_npz_vs_existing_spice/cross_layer_rel_l1_percentiles_node_weighted.json,,,<source-tree>/labs/figures_for_paper_digits/timings/final_selected_runs_self_contained/runs/single_diode_exponential/hidden_3/hidden_128/weights/weights.pt
cd_only_overrides_existing_spice,april29_self_contained/single_diode_exponential/hidden_3/hidden_256,CD-only rerun with batch_size=1 exp_clip=165 max_newton_iters=8 against fixed existing SPICE,ok,84.44444444444444,304,360,single_diode_exponential,"[128, 256, 256, 256, 20]",17.0,4.0,1.0,1,165,8,1e-05,1e-06,512,True,overrelaxed,1.4,9.895623232375704e-05,,,,old_p90=9.895623232375704e-05; ratio=1; drastic_change=False,<source-tree>/labs/figures_for_paper_digits/timings/cd_validation_existing_spice_overrides_20260519-20260519-071458/april29_self_contained/single_diode_exponential/hidden_3/hidden_256/20260519-071603_single_diode_exponential,<source-tree>/labs/figures_for_paper_digits/timings/cd_validation_existing_spice_overrides_20260519-20260519-071458/configs/april29_self_contained/single_diode_exponential/hidden_3/hidden_256/config_override.json,<source-tree>/labs/figures_for_paper_digits/timings/cd_validation_existing_spice_overrides_20260519-20260519-071458/april29_self_contained/single_diode_exponential/hidden_3/hidden_256/20260519-071603_single_diode_exponential/error_npz_vs_existing_spice/cross_layer_rel_l1_percentiles_node_weighted.json,,,<source-tree>/labs/figures_for_paper_digits/timings/final_selected_runs_self_contained/runs/single_diode_exponential/hidden_3/hidden_256/weights/weights.pt
cd_only_overrides_existing_spice,april29_self_contained/single_diode_exponential/hidden_3/hidden_64,CD-only rerun with batch_size=1 exp_clip=165 max_newton_iters=8 against fixed existing SPICE,ok,79.72222222222223,287,360,single_diode_exponential,"[128, 64, 64, 64, 10]",10.0,4.0,1.0,1,165,8,1e-05,1e-06,512,True,float64,1.4,5.65957312289757e-05,,,,old_p90=5.65957312289757e-05; ratio=1; drastic_change=False,<source-tree>/labs/figures_for_paper_digits/timings/cd_validation_existing_spice_overrides_20260519-20260519-071458/april29_self_contained/single_diode_exponential/hidden_3/hidden_64/20260519-071606_single_diode_exponential,<source-tree>/labs/figures_for_paper_digits/timings/cd_validation_existing_spice_overrides_20260519-20260519-071458/configs/april29_self_contained/single_diode_exponential/hidden_3/hidden_64/config_override.json,<source-tree>/labs/figures_for_paper_digits/timings/cd_validation_existing_spice_overrides_20260519-20260519-071458/april29_self_contained/single_diode_exponential/hidden_3/hidden_64/20260519-071606_single_diode_exponential/error_npz_vs_existing_spice/cross_layer_rel_l1_percentiles_node_weighted.json,,,<source-tree>/labs/figures_for_paper_digits/timings/final_selected_runs_self_contained/runs/single_diode_exponential/hidden_3/hidden_64/weights/weights.pt
cd_only_overrides_existing_spice,double_diode_replacement/double_diode_exponential_3x256,CD-only rerun with batch_size=1 exp_clip=165 max_newton_iters=8 against fixed existing SPICE,ok,90.27777777777779,325,360,double_diode_exponential,"[128, 256, 256, 256, 20]",10.0,4.0,1.0,1,165,8,1e-05,1e-06,512,True,overrelaxed,1.4,1.2686052573413274e-05,,,,old_p90=1.26395689075015e-05; ratio=1.003677630641673; drastic_change=False,<source-tree>/labs/figures_for_paper_digits/timings/cd_validation_existing_spice_overrides_20260519-20260519-071458/double_diode_replacement/double_diode_exponential_3x256/20260519-071630_double_diode_exponential,<source-tree>/labs/figures_for_paper_digits/timings/cd_validation_existing_spice_overrides_20260519-20260519-071458/configs/double_diode_replacement/double_diode_exponential_3x256/config_override.json,<source-tree>/labs/figures_for_paper_digits/timings/cd_validation_existing_spice_overrides_20260519-20260519-071458/double_diode_replacement/double_diode_exponential_3x256/20260519-071630_double_diode_exponential/error_npz_vs_existing_spice/cross_layer_rel_l1_percentiles_node_weighted.json,,,<paper-source-results>/digits_simulations/double_diode_exponential/hidden_3/hidden_256/hard_sigmoid_v_off_1p4_gon10_goff1e-7_bp_lr0p005_until92_staged/stage500_train/20260507-204632_hard_sigmoid/model_test_accuracy_0p92.pt
cd_only_overrides_existing_spice,double_diode_replacement/double_diode_exponential_3x64,CD-only rerun with batch_size=1 exp_clip=165 max_newton_iters=8 against fixed existing SPICE,ok,91.94444444444444,331,360,double_diode_exponential,"[128, 64, 64, 64, 20]",10.0,4.0,1.0,1,165,8,1e-05,1e-06,512,True,float64_overrelaxed,1.2,1.2784065671213276e-05,,,,old_p90=1.278920088718837e-05; ratio=0.9995984724909408; drastic_change=False,<source-tree>/labs/figures_for_paper_digits/timings/cd_validation_existing_spice_overrides_20260519-20260519-071458/double_diode_replacement/double_diode_exponential_3x64/20260519-071644_double_diode_exponential,<source-tree>/labs/figures_for_paper_digits/timings/cd_validation_existing_spice_overrides_20260519-20260519-071458/configs/double_diode_replacement/double_diode_exponential_3x64/config_override.json,<source-tree>/labs/figures_for_paper_digits/timings/cd_validation_existing_spice_overrides_20260519-20260519-071458/double_diode_replacement/double_diode_exponential_3x64/20260519-071644_double_diode_exponential/error_npz_vs_existing_spice/cross_layer_rel_l1_percentiles_node_weighted.json,,,<paper-source-results>/digits_simulations/double_diode_exponential/hidden_3/hidden_64/hard_sigmoid_v_off_1p4_gon10_goff1e-7_bp_lr0p005_until92_staged/stage500_train/20260507-204632_hard_sigmoid/model_test_accuracy_0p92.pt
cd_only_overrides_existing_spice,double_diode_replacement/double_diode_exponential_3x64_batch1,CD-only rerun with batch_size=1 exp_clip=165 max_newton_iters=8 against fixed existing SPICE,ok,91.94444444444444,331,360,double_diode_exponential,"[128, 64, 64, 64, 20]",10.0,4.0,1.0,1,165,8,1e-05,1e-06,512,True,float64_overrelaxed,1.2,1.2784065671213276e-05,,,,old_p90=1.278406567121328e-05; ratio=1; drastic_change=False,<source-tree>/labs/figures_for_paper_digits/timings/cd_validation_existing_spice_overrides_20260519-20260519-071458/double_diode_replacement/double_diode_exponential_3x64_batch1/20260519-071716_double_diode_exponential,<source-tree>/labs/figures_for_paper_digits/timings/cd_validation_existing_spice_overrides_20260519-20260519-071458/configs/double_diode_replacement/double_diode_exponential_3x64_batch1/config_override.json,<source-tree>/labs/figures_for_paper_digits/timings/cd_validation_existing_spice_overrides_20260519-20260519-071458/double_diode_replacement/double_diode_exponential_3x64_batch1/20260519-071716_double_diode_exponential/error_npz_vs_existing_spice/cross_layer_rel_l1_percentiles_node_weighted.json,,,<paper-source-results>/digits_simulations/double_diode_exponential/hidden_3/hidden_64/hard_sigmoid_v_off_1p4_gon10_goff1e-7_bp_lr0p005_until92_staged/stage500_train/20260507-204632_hard_sigmoid/model_test_accuracy_0p92.pt
cd_only_overrides_existing_spice,high_accuracy_replacement/single_diode_exponential_3x128,CD-only rerun with batch_size=1 exp_clip=165 max_newton_iters=8 against fixed existing SPICE,ok,87.77777777777777,316,360,single_diode_exponential,"[128, 128, 128, 128, 10]",17.0,4.0,1.0,1,165,8,1e-05,1e-08,128,False,float64,1,1.6717232512993914e-05,,,,old_p90=0.01224196337999455; ratio=0.001365567923549969; drastic_change=True,<source-tree>/labs/figures_for_paper_digits/timings/cd_validation_existing_spice_overrides_20260519-20260519-071458/high_accuracy_replacement/single_diode_exponential_3x128/20260519-071721_single_diode_exponential,<source-tree>/labs/figures_for_paper_digits/timings/cd_validation_existing_spice_overrides_20260519-20260519-071458/configs/high_accuracy_replacement/single_diode_exponential_3x128/config_override.json,<source-tree>/labs/figures_for_paper_digits/timings/cd_validation_existing_spice_overrides_20260519-20260519-071458/high_accuracy_replacement/single_diode_exponential_3x128/20260519-071721_single_diode_exponential/error_npz_vs_existing_spice/cross_layer_rel_l1_percentiles_node_weighted.json,,,<paper-source-results>/digits_simulations/single_diode_exponential/hidden_3/hidden_128/well_trained_voltage_amp4_input_gain17_validation_20260518/source/well_trained_voltage_amp2_model_best.pt
cd_only_overrides_existing_spice,high_accuracy_replacement/single_diode_exponential_3x128_batch1,CD-only rerun with batch_size=1 exp_clip=165 max_newton_iters=8 against fixed existing SPICE,ok,87.77777777777777,316,360,single_diode_exponential,"[128, 128, 128, 128, 10]",17.0,4.0,1.0,1,165,8,1e-05,1e-08,128,False,float64,1,1.6717232512993914e-05,,,,old_p90=0.01224024423430922; ratio=0.001365759717942209; drastic_change=True,<source-tree>/labs/figures_for_paper_digits/timings/cd_validation_existing_spice_overrides_20260519-20260519-071458/high_accuracy_replacement/single_diode_exponential_3x128_batch1/20260519-071739_single_diode_exponential,<source-tree>/labs/figures_for_paper_digits/timings/cd_validation_existing_spice_overrides_20260519-20260519-071458/configs/high_accuracy_replacement/single_diode_exponential_3x128_batch1/config_override.json,<source-tree>/labs/figures_for_paper_digits/timings/cd_validation_existing_spice_overrides_20260519-20260519-071458/high_accuracy_replacement/single_diode_exponential_3x128_batch1/20260519-071739_single_diode_exponential/error_npz_vs_existing_spice/cross_layer_rel_l1_percentiles_node_weighted.json,,,<paper-source-results>/digits_simulations/single_diode_exponential/hidden_3/hidden_128/well_trained_voltage_amp4_input_gain17_validation_20260518/source/well_trained_voltage_amp2_model_best.pt
cd_only_overrides_existing_spice,high_accuracy_replacement/single_diode_exponential_3x64,CD-only rerun with batch_size=1 exp_clip=165 max_newton_iters=8 against fixed existing SPICE,ok,89.44444444444444,322,360,single_diode_exponential,"[128, 64, 64, 64, 10]",17.0,4.0,1.0,1,165,8,1e-05,1e-06,512,True,float64,1.4,9.130020219721943e-05,,,,old_p90=6.797022314976318e-05; ratio=1.343238229423667; drastic_change=False,<source-tree>/labs/figures_for_paper_digits/timings/cd_validation_existing_spice_overrides_20260519-20260519-071458/high_accuracy_replacement/single_diode_exponential_3x64/20260519-071747_single_diode_exponential,<source-tree>/labs/figures_for_paper_digits/timings/cd_validation_existing_spice_overrides_20260519-20260519-071458/configs/high_accuracy_replacement/single_diode_exponential_3x64/config_override.json,<source-tree>/labs/figures_for_paper_digits/timings/cd_validation_existing_spice_overrides_20260519-20260519-071458/high_accuracy_replacement/single_diode_exponential_3x64/20260519-071747_single_diode_exponential/error_npz_vs_existing_spice/cross_layer_rel_l1_percentiles_node_weighted.json,,,<paper-source-results>/digits_simulations/single_diode_exponential/hidden_3/hidden_64/high_accuracy_lpw_v_off_1p4_input_gain17_lr0p05_until92_20260512/training_lpw_bp/20260512-101258_lpw_diode/model_best.pt
cd_only_overrides_existing_spice,high_accuracy_replacement/single_diode_exponential_3x64_batch1,CD-only rerun with batch_size=1 exp_clip=165 max_newton_iters=8 against fixed existing SPICE,ok,89.44444444444444,322,360,single_diode_exponential,"[128, 64, 64, 64, 10]",17.0,4.0,1.0,1,165,8,1e-05,1e-06,512,True,float64,1.4,9.130020219721943e-05,,,,old_p90=9.130020219721943e-05; ratio=1; drastic_change=False,<source-tree>/labs/figures_for_paper_digits/timings/cd_validation_existing_spice_overrides_20260519-20260519-071458/high_accuracy_replacement/single_diode_exponential_3x64_batch1/20260519-071756_single_diode_exponential,<source-tree>/labs/figures_for_paper_digits/timings/cd_validation_existing_spice_overrides_20260519-20260519-071458/configs/high_accuracy_replacement/single_diode_exponential_3x64_batch1/config_override.json,<source-tree>/labs/figures_for_paper_digits/timings/cd_validation_existing_spice_overrides_20260519-20260519-071458/high_accuracy_replacement/single_diode_exponential_3x64_batch1/20260519-071756_single_diode_exponential/error_npz_vs_existing_spice/cross_layer_rel_l1_percentiles_node_weighted.json,,,<paper-source-results>/digits_simulations/single_diode_exponential/hidden_3/hidden_64/high_accuracy_lpw_v_off_1p4_input_gain17_lr0p05_until92_20260512/training_lpw_bp/20260512-101258_lpw_diode/model_best.pt
cd_only_overrides_existing_spice,single_diode_triplet_epoch3_batch1/20260518-231928_single_diode_exponential,CD-only rerun with batch_size=1 exp_clip=165 max_newton_iters=8 against fixed existing SPICE,ok,92.22222222222223,332,360,single_diode_exponential,"[128, 128, 128, 128, 10]",17.0,4.0,1.0,1,165,8,1e-05,1e-06,512,True,float64,1.4,1.598938975750635e-05,,,,old_p90=1.598938975750635e-05; ratio=1; drastic_change=False,<source-tree>/labs/figures_for_paper_digits/timings/cd_validation_existing_spice_overrides_20260519-20260519-071458/single_diode_triplet_epoch3_batch1/20260518-231928_single_diode_exponential/20260519-071815_single_diode_exponential,<source-tree>/labs/figures_for_paper_digits/timings/cd_validation_existing_spice_overrides_20260519-20260519-071458/configs/single_diode_triplet_epoch3_batch1/20260518-231928_single_diode_exponential/config_override.json,<source-tree>/labs/figures_for_paper_digits/timings/cd_validation_existing_spice_overrides_20260519-20260519-071458/single_diode_triplet_epoch3_batch1/20260518-231928_single_diode_exponential/20260519-071815_single_diode_exponential/error_npz_vs_existing_spice/cross_layer_rel_l1_percentiles_node_weighted.json,,,<paper-source-results>/digits_simulations/single_diode_exponential/hidden_3/hidden_128/spice_validation_triplet_input_gain17_20260518/ep_epoch3_92p22/weights/model.pt
cd_only_overrides_existing_spice,table1_reference/double_diode_exponential/hidden_3/hidden_256,CD-only rerun with batch_size=1 exp_clip=165 max_newton_iters=8 against fixed existing SPICE,ok,82.77777777777777,298,360,double_diode_exponential,"[128, 256, 256, 256, 20]",10.0,4.0,1.0,1,165,8,1e-05,1e-06,512,True,overrelaxed,1.4,1.1812028570324236e-05,,,,old_p90=1.181536764292783e-05; ratio=0.9997173957929617; drastic_change=False,<source-tree>/labs/figures_for_paper_digits/timings/cd_validation_existing_spice_overrides_20260519-20260519-071458/table1_reference/double_diode_exponential/hidden_3/hidden_256/20260519-071819_double_diode_exponential,<source-tree>/labs/figures_for_paper_digits/timings/cd_validation_existing_spice_overrides_20260519-20260519-071458/configs/table1_reference/double_diode_exponential/hidden_3/hidden_256/config_override.json,<source-tree>/labs/figures_for_paper_digits/timings/cd_validation_existing_spice_overrides_20260519-20260519-071458/table1_reference/double_diode_exponential/hidden_3/hidden_256/20260519-071819_double_diode_exponential/error_npz_vs_existing_spice/cross_layer_rel_l1_percentiles_node_weighted.json,,,<source-tree>/labs/figures_for_paper_digits/timings/selected_for_paper/runs/double_diode_exponential/hidden_3/hidden_256/table1_reference/weights/weights.pt
failed_single_process_spice_timing_attempt,double_diode_exponential_3x256/20260519-072935_double_diode_exponential,single-process 3x256 SPICE timing attempt; stopped before final artifacts,failed_partial_spice,90.27777777777779,325,360,double_diode_exponential,"[128, 256, 256, 256, 20]",10.0,4.0,1.0,1,165,8,1e-05,1e-06,512,True,overrelaxed,1.4,,,,,"107 RUN commands, 106 completed; no final SPICE NPZ or timing JSON",<source-tree>/labs/figures_for_paper_digits/timings/double_diode_3x256_single_run_expclip165_batch1_maxnewton8_20260519-072931/double_diode_exponential_3x256/20260519-072935_double_diode_exponential,<scratch>/validation_batch1_configs_20260519/double_3x256_expclip165_batch1_maxnewton8.json,,,,<paper-source-results>/digits_simulations/double_diode_exponential/hidden_3/hidden_256/hard_sigmoid_v_off_1p4_gon10_goff1e-7_bp_lr0p005_until92_staged/stage500_train/20260507-204632_hard_sigmoid/model_test_accuracy_0p92.pt
parallel_spice_reference,double_diode_replacement/double_diode_exponential_3x256,"6-way chunked SPICE reference for 3x256, compared to corrected CD states",ok,90.27777777777779,325,360,double_diode_exponential,"[128, 256, 256, 256, 20]",10.0,4.0,1.0,1,165,8,1e-05,1e-06,512,True,overrelaxed,1.4,1.2639568907501504e-05,,,,merged SPICE NPZ=<source-tree>/labs/figures_for_paper_digits/timings/double_diode_3x256_parallel_20260518-192037/validation_states_spice_layers.npz,<source-tree>/labs/figures_for_paper_digits/timings/cd_validation_existing_spice_overrides_20260519-20260519-071458/double_diode_replacement/double_diode_exponential_3x256/20260519-071630_double_diode_exponential,<source-tree>/labs/figures_for_paper_digits/timings/cd_validation_existing_spice_overrides_20260519-20260519-071458/configs/double_diode_replacement/double_diode_exponential_3x256/config_override.json,<source-tree>/labs/figures_for_paper_digits/timings/double_diode_3x256_parallel_20260518-192037/error_npz_vs_spice/cross_layer_rel_l1_percentiles_node_weighted.json,,,<paper-source-results>/digits_simulations/double_diode_exponential/hidden_3/hidden_256/hard_sigmoid_v_off_1p4_gon10_goff1e-7_bp_lr0p005_until92_staged/stage500_train/20260507-204632_hard_sigmoid/model_test_accuracy_0p92.pt
replacement_reruns,double_diode_exponential_3x256,fresh CD/SPICE or CD revalidation for double-diode replacements,ok,90.27777777777779,325,360,double_diode_exponential,"[128, 256, 256, 256, 20]",10.0,4.0,1.0,10,100000.0,9,1e-05,1e-06,512,True,overrelaxed,1.4,,,,,,<source-tree>/labs/figures_for_paper_digits/timings/double_diode_replacement_reruns_maxicao_20260518-124819/double_diode_exponential_3x256/20260518-125051_double_diode_exponential,<paper-source-results>/digits_simulations/double_diode_exponential/hidden_3/hidden_256/hard_sigmoid_v_off_1p4_gon10_goff1e-7_bp_lr0p005_until92_staged/config/config_validate_original_double_diode_exponential.json,,,,<paper-source-results>/digits_simulations/double_diode_exponential/hidden_3/hidden_256/hard_sigmoid_v_off_1p4_gon10_goff1e-7_bp_lr0p005_until92_staged/stage500_train/20260507-204632_hard_sigmoid/model_test_accuracy_0p92.pt
replacement_reruns,double_diode_exponential_3x64,fresh CD/SPICE or CD revalidation for double-diode replacements,ok,91.94444444444444,331,360,double_diode_exponential,"[128, 64, 64, 64, 20]",10.0,4.0,1.0,10,100000.0,9,1e-05,1e-06,512,True,float64_overrelaxed,1.2,1.2789200887188366e-05,0.06501024682074785,137.8485182048753,138.92970724403858,,<source-tree>/labs/figures_for_paper_digits/timings/double_diode_replacement_reruns_maxicao_20260518-124819/double_diode_exponential_3x64/20260518-124823_double_diode_exponential,<paper-source-results>/digits_simulations/double_diode_exponential/hidden_3/hidden_64/hard_sigmoid_v_off_1p4_gon10_goff1e-7_bp_lr0p005_until92_staged/config/config_validate_original_double_diode_exponential.json,<source-tree>/labs/figures_for_paper_digits/timings/double_diode_replacement_reruns_maxicao_20260518-124819/double_diode_exponential_3x64/20260518-124823_double_diode_exponential/error_npz_vs_spice/cross_layer_rel_l1_percentiles_node_weighted.json,<source-tree>/labs/figures_for_paper_digits/timings/double_diode_replacement_reruns_maxicao_20260518-124819/double_diode_exponential_3x64/20260518-124823_double_diode_exponential/validation_states_spice_layers.npz,<source-tree>/labs/figures_for_paper_digits/timings/double_diode_replacement_reruns_maxicao_20260518-124819/double_diode_exponential_3x64/20260518-124823_double_diode_exponential/validation_states_spice_layers_metadata.json,<paper-source-results>/digits_simulations/double_diode_exponential/hidden_3/hidden_64/hard_sigmoid_v_off_1p4_gon10_goff1e-7_bp_lr0p005_until92_staged/stage500_train/20260507-204632_hard_sigmoid/model_test_accuracy_0p92.pt
replacement_reruns,double_diode_exponential_3x64_batch1,fresh CD/SPICE or CD revalidation for double-diode replacements,ok,91.94444444444444,331,360,double_diode_exponential,"[128, 64, 64, 64, 20]",10.0,4.0,1.0,1,100000.0,9,1e-05,1e-06,512,True,float64_overrelaxed,1.2,1.2784065671213276e-05,,,,,<source-tree>/labs/figures_for_paper_digits/timings/double_diode_replacement_reruns_maxicao_20260518-124819/double_diode_exponential_3x64_batch1/20260518-231929_double_diode_exponential,<scratch>/validation_batch1_configs_20260518/double_3x64.json,<source-tree>/labs/figures_for_paper_digits/timings/double_diode_replacement_reruns_maxicao_20260518-124819/double_diode_exponential_3x64_batch1/20260518-231929_double_diode_exponential/error_npz_vs_spice/cross_layer_rel_l1_percentiles_node_weighted.json,,,<paper-source-results>/digits_simulations/double_diode_exponential/hidden_3/hidden_64/hard_sigmoid_v_off_1p4_gon10_goff1e-7_bp_lr0p005_until92_staged/stage500_train/20260507-204632_hard_sigmoid/model_test_accuracy_0p92.pt
replacement_reruns,single_diode_exponential_1x64,fresh CD/SPICE or CD revalidation for high-accuracy single-diode replacements,ok,91.38888888888889,329,360,single_diode_exponential,"[128, 64, 10]",10.0,4.0,1.0,1,165,8,1e-05,1e-06,128,True,overrelaxed,1,1.5541532226706025e-05,0.0339289428666234,58.25535681191832,59.305170397274196,old 3x128 well_trained artifact is superseded by EP epoch3,<source-tree>/labs/figures_for_paper_digits/timings/high_accuracy_replacement_reruns_maxicao_20260518-114011/single_diode_exponential_1x64/20260518-114015_single_diode_exponential,<paper-source-results>/digits_simulations/single_diode_exponential/hidden_1/hidden_64/high_accuracy_lpw_v_off_0p8_until92_20260504/config/config_validate_original_single_diode.json,<source-tree>/labs/figures_for_paper_digits/timings/high_accuracy_replacement_reruns_maxicao_20260518-114011/single_diode_exponential_1x64/20260518-114015_single_diode_exponential/error_npz_vs_spice/cross_layer_rel_l1_percentiles_node_weighted.json,<source-tree>/labs/figures_for_paper_digits/timings/high_accuracy_replacement_reruns_maxicao_20260518-114011/single_diode_exponential_1x64/20260518-114015_single_diode_exponential/validation_states_spice_layers.npz,<source-tree>/labs/figures_for_paper_digits/timings/high_accuracy_replacement_reruns_maxicao_20260518-114011/single_diode_exponential_1x64/20260518-114015_single_diode_exponential/validation_states_spice_layers_metadata.json,<paper-source-results>/digits_simulations/single_diode_exponential/hidden_1/hidden_64/high_accuracy_lpw_v_off_0p8_until92_20260504/training_lpw_bp/20260504-172434_lpw_diode/model_test_accuracy_0p92.pt
replacement_reruns,single_diode_exponential_3x128,fresh CD/SPICE or CD revalidation for high-accuracy single-diode replacements,ok,87.77777777777777,316,360,single_diode_exponential,"[128, 128, 128, 128, 10]",17.0,4.0,1.0,10,100,32,1e-05,1e-08,128,False,float64,1,0.012241963379994548,0.1949526323005557,1685.2659834986553,1686.4958370802924,old 3x128 well_trained artifact is superseded by EP epoch3,<source-tree>/labs/figures_for_paper_digits/timings/high_accuracy_replacement_reruns_maxicao_20260518-114011/single_diode_exponential_3x128/20260518-114505_single_diode_exponential,<paper-source-results>/digits_simulations/single_diode_exponential/hidden_3/hidden_128/well_trained_voltage_amp4_input_gain17_validation_20260518/config/config_well_trained_voltage_amp4_input_gain17.json,<source-tree>/labs/figures_for_paper_digits/timings/high_accuracy_replacement_reruns_maxicao_20260518-114011/single_diode_exponential_3x128/20260518-114505_single_diode_exponential/error_npz_vs_spice/cross_layer_rel_l1_percentiles_node_weighted.json,<source-tree>/labs/figures_for_paper_digits/timings/high_accuracy_replacement_reruns_maxicao_20260518-114011/single_diode_exponential_3x128/20260518-114505_single_diode_exponential/validation_states_spice_layers.npz,<source-tree>/labs/figures_for_paper_digits/timings/high_accuracy_replacement_reruns_maxicao_20260518-114011/single_diode_exponential_3x128/20260518-114505_single_diode_exponential/validation_states_spice_layers_metadata.json,<paper-source-results>/digits_simulations/single_diode_exponential/hidden_3/hidden_128/well_trained_voltage_amp4_input_gain17_validation_20260518/source/well_trained_voltage_amp2_model_best.pt
replacement_reruns,single_diode_exponential_3x128_batch1,fresh CD/SPICE or CD revalidation for high-accuracy single-diode replacements,ok,87.77777777777777,316,360,single_diode_exponential,"[128, 128, 128, 128, 10]",17.0,4.0,1.0,1,100,32,1e-05,1e-08,128,False,float64,1,0.012240244234309219,,,,old 3x128 well_trained artifact is superseded by EP epoch3,<source-tree>/labs/figures_for_paper_digits/timings/high_accuracy_replacement_reruns_maxicao_20260518-114011/single_diode_exponential_3x128_batch1/20260518-231928_single_diode_exponential,<scratch>/validation_batch1_configs_20260518/single_3x128.json,<source-tree>/labs/figures_for_paper_digits/timings/high_accuracy_replacement_reruns_maxicao_20260518-114011/single_diode_exponential_3x128_batch1/20260518-231928_single_diode_exponential/error_npz_vs_spice/cross_layer_rel_l1_percentiles_node_weighted.json,,,<paper-source-results>/digits_simulations/single_diode_exponential/hidden_3/hidden_128/well_trained_voltage_amp4_input_gain17_validation_20260518/source/well_trained_voltage_amp2_model_best.pt
replacement_reruns,single_diode_exponential_3x64,fresh CD/SPICE or CD revalidation for high-accuracy single-diode replacements,ok,89.44444444444444,322,360,single_diode_exponential,"[128, 64, 64, 64, 10]",17.0,4.0,1.0,10,100,8,1e-05,1e-06,512,True,float64,1.4,6.797022314976318e-05,0.06625239923596382,185.26921815425158,186.35230378434062,old 3x128 well_trained artifact is superseded by EP epoch3,<source-tree>/labs/figures_for_paper_digits/timings/high_accuracy_replacement_reruns_maxicao_20260518-114011/single_diode_exponential_3x64/20260518-114128_single_diode_exponential,<paper-source-results>/digits_simulations/single_diode_exponential/hidden_3/hidden_64/high_accuracy_lpw_v_off_1p4_input_gain17_lr0p05_until92_20260512/config/config_validate_original_single_diode_input_gain17.json,<source-tree>/labs/figures_for_paper_digits/timings/high_accuracy_replacement_reruns_maxicao_20260518-114011/single_diode_exponential_3x64/20260518-114128_single_diode_exponential/error_npz_vs_spice/cross_layer_rel_l1_percentiles_node_weighted.json,<source-tree>/labs/figures_for_paper_digits/timings/high_accuracy_replacement_reruns_maxicao_20260518-114011/single_diode_exponential_3x64/20260518-114128_single_diode_exponential/validation_states_spice_layers.npz,<source-tree>/labs/figures_for_paper_digits/timings/high_accuracy_replacement_reruns_maxicao_20260518-114011/single_diode_exponential_3x64/20260518-114128_single_diode_exponential/validation_states_spice_layers_metadata.json,<paper-source-results>/digits_simulations/single_diode_exponential/hidden_3/hidden_64/high_accuracy_lpw_v_off_1p4_input_gain17_lr0p05_until92_20260512/training_lpw_bp/20260512-101258_lpw_diode/model_best.pt
replacement_reruns,single_diode_exponential_3x64_batch1,fresh CD/SPICE or CD revalidation for high-accuracy single-diode replacements,ok,89.44444444444444,322,360,single_diode_exponential,"[128, 64, 64, 64, 10]",17.0,4.0,1.0,1,100,8,1e-05,1e-06,512,True,float64,1.4,9.130020219721943e-05,,,,old 3x128 well_trained artifact is superseded by EP epoch3,<source-tree>/labs/figures_for_paper_digits/timings/high_accuracy_replacement_reruns_maxicao_20260518-114011/single_diode_exponential_3x64_batch1/20260518-231928_single_diode_exponential,<scratch>/validation_batch1_configs_20260518/single_3x64.json,<source-tree>/labs/figures_for_paper_digits/timings/high_accuracy_replacement_reruns_maxicao_20260518-114011/single_diode_exponential_3x64_batch1/20260518-231928_single_diode_exponential/error_npz_vs_spice/cross_layer_rel_l1_percentiles_node_weighted.json,,,<paper-source-results>/digits_simulations/single_diode_exponential/hidden_3/hidden_64/high_accuracy_lpw_v_off_1p4_input_gain17_lr0p05_until92_20260512/training_lpw_bp/20260512-101258_lpw_diode/model_best.pt
single_diode_3x128_triplet,baseline_selected_weights_input_gain17_87p78,parallel SPICE triplet run; p90 from batch_size=1 CD confirmation,ok,87.77777777777777,316,360,single_diode_exponential,"[128, 128, 128, 128, 10]",17.0,4.0,1.0,10,100,32,1e-05,1e-06,512,True,float64,1.4,1.5580414341032997e-05,0.21045926492661238,1858.7361674914137,1859.9627476856112,,<paper-source-results>/digits_simulations/single_diode_exponential/hidden_3/hidden_128/spice_validation_triplet_input_gain17_20260518/baseline_selected_weights_input_gain17_87p78/validation,<source-tree>/labs/figures_for_paper_digits/timings/high_accuracy_ep_reruns_input_gain17_20260518/single_diode_exponential/hidden_3/hidden_128/selected_low_error_ep_input_gain17_lr0p005_200epochs/config/config_validate_selected_weights_input_gain17.json,<paper-source-results>/digits_simulations/single_diode_exponential/hidden_3/hidden_128/spice_validation_triplet_input_gain17_20260518/baseline_selected_weights_input_gain17_87p78/validation_batch1/20260518-231928_single_diode_exponential/error_npz_vs_spice/cross_layer_rel_l1_percentiles_node_weighted.json,<paper-source-results>/digits_simulations/single_diode_exponential/hidden_3/hidden_128/spice_validation_triplet_input_gain17_20260518/baseline_selected_weights_input_gain17_87p78/validation/validation_inputs_layer0_spice_layers.npz,<paper-source-results>/digits_simulations/single_diode_exponential/hidden_3/hidden_128/spice_validation_triplet_input_gain17_20260518/baseline_selected_weights_input_gain17_87p78/validation/validation_inputs_layer0_spice_layers_metadata.json,<source-tree>/labs/figures_for_paper_digits/timings/high_accuracy_ep_reruns_input_gain17_20260518/single_diode_exponential/hidden_3/hidden_128/selected_low_error_ep_input_gain17_lr0p005_200epochs/source/selected_weights.pt
single_diode_3x128_triplet,ep_epoch2_91p11,parallel SPICE triplet run; p90 from batch_size=1 CD confirmation,ok,91.11111111111111,328,360,single_diode_exponential,"[128, 128, 128, 128, 10]",17.0,4.0,1.0,10,100,32,1e-05,1e-06,512,True,float64,1.4,1.608798767020284e-05,0.1979440627619624,1919.8002559570596,1921.0122877983376,,<paper-source-results>/digits_simulations/single_diode_exponential/hidden_3/hidden_128/spice_validation_triplet_input_gain17_20260518/ep_epoch2_91p11/validation,<source-tree>/labs/figures_for_paper_digits/timings/high_accuracy_ep_reruns_input_gain17_20260518/single_diode_exponential/hidden_3/hidden_128/selected_low_error_ep_input_gain17_lr0p005_200epochs/config/config_validate_after_ep_input_gain17.json,<paper-source-results>/digits_simulations/single_diode_exponential/hidden_3/hidden_128/spice_validation_triplet_input_gain17_20260518/ep_epoch2_91p11/validation_batch1/20260518-231928_single_diode_exponential/error_npz_vs_spice/cross_layer_rel_l1_percentiles_node_weighted.json,<paper-source-results>/digits_simulations/single_diode_exponential/hidden_3/hidden_128/spice_validation_triplet_input_gain17_20260518/ep_epoch2_91p11/validation/validation_inputs_layer0_spice_layers.npz,<paper-source-results>/digits_simulations/single_diode_exponential/hidden_3/hidden_128/spice_validation_triplet_input_gain17_20260518/ep_epoch2_91p11/validation/validation_inputs_layer0_spice_layers_metadata.json,<source-tree>/labs/figures_for_paper_digits/timings/high_accuracy_ep_reruns_input_gain17_20260518/single_diode_exponential/hidden_3/hidden_128/selected_low_error_ep_input_gain17_lr0p005_200epochs/training_ep/20260518-130243_single_diode_exponential/model_test_accuracy_0p9.pt
single_diode_3x128_triplet,ep_epoch3_92p22,parallel SPICE triplet run; p90 from batch_size=1 CD confirmation,ok,92.22222222222223,332,360,single_diode_exponential,"[128, 128, 128, 128, 10]",17.0,4.0,1.0,10,100,32,1e-05,1e-06,512,True,float64,1.4,1.598938975750635e-05,0.22122206632047892,1735.8700188575312,1737.1067777266726,ep_epoch3_92p22 is accepted 3x128 case,<paper-source-results>/digits_simulations/single_diode_exponential/hidden_3/hidden_128/spice_validation_triplet_input_gain17_20260518/ep_epoch3_92p22/validation,<source-tree>/labs/figures_for_paper_digits/timings/high_accuracy_ep_reruns_input_gain17_20260518/single_diode_exponential/hidden_3/hidden_128/selected_low_error_ep_input_gain17_lr0p005_200epochs/config/config_validate_after_ep_input_gain17.json,<paper-source-results>/digits_simulations/single_diode_exponential/hidden_3/hidden_128/spice_validation_triplet_input_gain17_20260518/ep_epoch3_92p22/validation_batch1/20260518-231928_single_diode_exponential/error_npz_vs_spice/cross_layer_rel_l1_percentiles_node_weighted.json,<paper-source-results>/digits_simulations/single_diode_exponential/hidden_3/hidden_128/spice_validation_triplet_input_gain17_20260518/ep_epoch3_92p22/validation/validation_inputs_layer0_spice_layers.npz,<paper-source-results>/digits_simulations/single_diode_exponential/hidden_3/hidden_128/spice_validation_triplet_input_gain17_20260518/ep_epoch3_92p22/validation/validation_inputs_layer0_spice_layers_metadata.json,<source-tree>/labs/figures_for_paper_digits/timings/high_accuracy_ep_reruns_input_gain17_20260518/single_diode_exponential/hidden_3/hidden_128/selected_low_error_ep_input_gain17_lr0p005_200epochs/training_ep/20260518-130243_single_diode_exponential/model_test_accuracy_0p92.pt
single_diode_3x128_triplet_batch1_cd,baseline_selected_weights_input_gain17_87p78/validation_batch1,batch_size=1 CD confirmation against existing triplet SPICE,ok,87.77777777777777,316,360,single_diode_exponential,"[128, 128, 128, 128, 10]",17.0,4.0,1.0,1,100,32,1e-05,1e-06,512,True,float64,1.4,1.5580414341032997e-05,,,,,<paper-source-results>/digits_simulations/single_diode_exponential/hidden_3/hidden_128/spice_validation_triplet_input_gain17_20260518/baseline_selected_weights_input_gain17_87p78/validation_batch1/20260518-231928_single_diode_exponential,<scratch>/validation_batch1_configs_20260518/triplet_baseline.json,<paper-source-results>/digits_simulations/single_diode_exponential/hidden_3/hidden_128/spice_validation_triplet_input_gain17_20260518/baseline_selected_weights_input_gain17_87p78/validation_batch1/20260518-231928_single_diode_exponential/error_npz_vs_spice/cross_layer_rel_l1_percentiles_node_weighted.json,,,<paper-source-results>/digits_simulations/single_diode_exponential/hidden_3/hidden_128/spice_validation_triplet_input_gain17_20260518/baseline_selected_weights_input_gain17_87p78/weights/model.pt
single_diode_3x128_triplet_batch1_cd,ep_epoch2_91p11/validation_batch1,batch_size=1 CD confirmation against existing triplet SPICE,ok,91.11111111111111,328,360,single_diode_exponential,"[128, 128, 128, 128, 10]",17.0,4.0,1.0,1,100,32,1e-05,1e-06,512,True,float64,1.4,1.608798767020284e-05,,,,,<paper-source-results>/digits_simulations/single_diode_exponential/hidden_3/hidden_128/spice_validation_triplet_input_gain17_20260518/ep_epoch2_91p11/validation_batch1/20260518-231928_single_diode_exponential,<scratch>/validation_batch1_configs_20260518/triplet_epoch2.json,<paper-source-results>/digits_simulations/single_diode_exponential/hidden_3/hidden_128/spice_validation_triplet_input_gain17_20260518/ep_epoch2_91p11/validation_batch1/20260518-231928_single_diode_exponential/error_npz_vs_spice/cross_layer_rel_l1_percentiles_node_weighted.json,,,<paper-source-results>/digits_simulations/single_diode_exponential/hidden_3/hidden_128/spice_validation_triplet_input_gain17_20260518/ep_epoch2_91p11/weights/model.pt
single_diode_3x128_triplet_batch1_cd,ep_epoch3_92p22/validation_batch1,batch_size=1 CD confirmation against existing triplet SPICE,ok,92.22222222222223,332,360,single_diode_exponential,"[128, 128, 128, 128, 10]",17.0,4.0,1.0,1,100,32,1e-05,1e-06,512,True,float64,1.4,1.598938975750635e-05,,,,,<paper-source-results>/digits_simulations/single_diode_exponential/hidden_3/hidden_128/spice_validation_triplet_input_gain17_20260518/ep_epoch3_92p22/validation_batch1/20260518-231928_single_diode_exponential,<scratch>/validation_batch1_configs_20260518/triplet_epoch3.json,<paper-source-results>/digits_simulations/single_diode_exponential/hidden_3/hidden_128/spice_validation_triplet_input_gain17_20260518/ep_epoch3_92p22/validation_batch1/20260518-231928_single_diode_exponential/error_npz_vs_spice/cross_layer_rel_l1_percentiles_node_weighted.json,,,<paper-source-results>/digits_simulations/single_diode_exponential/hidden_3/hidden_128/spice_validation_triplet_input_gain17_20260518/ep_epoch3_92p22/weights/model.pt
excluded_cd_only_expclip165_maxnewton8,double_diode_exponential/hidden_2/hidden_1024,CD-only rerun for excluded timing rows; no SPICE/error comparison,ok,86.11111111111111,310,360,double_diode_exponential,"[128, 1024, 1024, 20]",,,,1,165,8,1e-05,1e-06,512,True,float64_overrelaxed,1.4,,,,,no fixed SPICE NPZ/error reference available,<source-tree>/labs/figures_for_paper_digits/timings/cd_validation_excluded_expclip165_maxnewton8_20260520-20260520-135414/double_diode_exponential/hidden_2/hidden_1024/20260520-135417_double_diode_exponential,<source-tree>/labs/figures_for_paper_digits/timings/cd_validation_excluded_expclip165_maxnewton8_20260520-20260520-135414/configs/double_diode_exponential/hidden_2/hidden_1024/config_override.json,,,,<source-tree>/labs/figures_for_paper_digits/timings/final_selected_runs_self_contained/runs/double_diode_exponential/hidden_2/hidden_1024/weights/weights.pt
excluded_cd_only_expclip165_maxnewton8,double_diode_exponential/hidden_3/hidden_512,CD-only rerun for excluded timing rows; no SPICE/error comparison,ok,91.94444444444444,331,360,double_diode_exponential,"[128, 512, 512, 512, 20]",,,,1,165,8,1e-05,1e-06,512,True,float64_overrelaxed,1.4,,,,,no fixed SPICE NPZ/error reference available,<source-tree>/labs/figures_for_paper_digits/timings/cd_validation_excluded_expclip165_maxnewton8_20260520-20260520-135414/double_diode_exponential/hidden_3/hidden_512/20260520-135417_double_diode_exponential,<source-tree>/labs/figures_for_paper_digits/timings/cd_validation_excluded_expclip165_maxnewton8_20260520-20260520-135414/configs/double_diode_exponential/hidden_3/hidden_512/config_override.json,,,,<source-tree>/labs/figures_for_paper_digits/timings/final_selected_runs_self_contained/runs/double_diode_exponential/hidden_3/hidden_512/weights/weights.pt
excluded_cd_only_expclip165_maxnewton8,single_diode_exponential/hidden_3/hidden_512,CD-only rerun for excluded timing rows; no SPICE/error comparison,ok,83.05555555555556,299,360,single_diode_exponential,"[128, 512, 512, 512, 10]",,,,1,165,8,1e-05,1e-05,512,True,overrelaxed,1.4,,,,,no fixed SPICE NPZ/error reference available,<source-tree>/labs/figures_for_paper_digits/timings/cd_validation_excluded_expclip165_maxnewton8_20260520-20260520-135414/single_diode_exponential/hidden_3/hidden_512/20260520-135417_single_diode_exponential,<source-tree>/labs/figures_for_paper_digits/timings/cd_validation_excluded_expclip165_maxnewton8_20260520-20260520-135414/configs/single_diode_exponential/hidden_3/hidden_512/config_override.json,,,,<source-tree>/labs/figures_for_paper_digits/timings/final_selected_runs_self_contained/runs/single_diode_exponential/hidden_3/hidden_512/weights/weights.pt
