nonlinearity,hidden_layers,hidden_size,mean_absolute_error,p50_relative_error,p90_relative_error,p99_relative_error,error_summary_rel_path
single_diode_exponential,1,64,7.290407714375069e-06,1.2726722557755487e-05,1.5541532226706025e-05,1.80510290087901e-05,errors/single_diode_exponential__hidden_1__hidden_64/cross_layer_rel_l1_percentiles_node_weighted.json
single_diode_exponential,1,128,1.8574508165669157e-05,1.5054379625322689e-05,1.6141491180403056e-05,1.7065126493845526e-05,errors/single_diode_exponential__hidden_1__hidden_128/cross_layer_rel_l1_percentiles_node_weighted.json
single_diode_exponential,1,256,1.878841706321934e-05,1.5544758336115e-05,1.636078529540565e-05,1.7008958154866965e-05,errors/single_diode_exponential__hidden_1__hidden_256/cross_layer_rel_l1_percentiles_node_weighted.json
single_diode_exponential,1,512,5.603816391152659e-06,1.0955888309981236e-05,1.1681781091374962e-05,1.2324224728352332e-05,errors/single_diode_exponential__hidden_1__hidden_512/cross_layer_rel_l1_percentiles_node_weighted.json
single_diode_exponential,1,1024,5.780894847681815e-06,1.0756369210771385e-05,1.1361879585504223e-05,1.203690147003218e-05,errors/single_diode_exponential__hidden_1__hidden_1024/cross_layer_rel_l1_percentiles_node_weighted.json
single_diode_exponential,2,64,4.110582433934714e-06,1.1754778033763392e-05,1.3910690885327073e-05,1.633232321869456e-05,errors/single_diode_exponential__hidden_2__hidden_64/cross_layer_rel_l1_percentiles_node_weighted.json
single_diode_exponential,2,128,4.587890991576341e-06,9.680207065881174e-06,1.078949246537758e-05,1.210302756247464e-05,errors/single_diode_exponential__hidden_2__hidden_128/cross_layer_rel_l1_percentiles_node_weighted.json
single_diode_exponential,2,256,1.9262830340919558e-06,1.8181854224156492e-05,2.0558013715895263e-05,2.213703597229747e-05,errors/single_diode_exponential__hidden_2__hidden_256/cross_layer_rel_l1_percentiles_node_weighted.json
single_diode_exponential,2,512,1.9042811539749805e-06,3.170335529260898e-05,3.813103517614537e-05,4.1071876465069786e-05,errors/single_diode_exponential__hidden_2__hidden_512/cross_layer_rel_l1_percentiles_node_weighted.json
single_diode_exponential,2,1024,,,,,
single_diode_exponential,3,64,4.9153042200166506e-05,6.622863440338255e-05,9.130020219721943e-05,0.00010779210339600363,errors/single_diode_exponential__hidden_3__hidden_64/cross_layer_rel_l1_percentiles_node_weighted.json
single_diode_exponential,3,128,1.7971906357158892e-05,1.5294108879205354e-05,1.598938975750635e-05,1.6545759740551542e-05,errors/single_diode_exponential__hidden_3__hidden_128/cross_layer_rel_l1_percentiles_node_weighted.json
single_diode_exponential,3,256,3.517597562053801e-05,2.0456824652754404e-05,9.895623232375704e-05,0.00021310969472071055,errors/single_diode_exponential__hidden_3__hidden_256/cross_layer_rel_l1_percentiles_node_weighted.json
single_diode_exponential,3,512,,,,,
double_diode_exponential,1,64,9.721722943161897e-06,1.2549861404946045e-05,1.4629384112930124e-05,1.5804784816103903e-05,errors/double_diode_exponential__hidden_1__hidden_64/cross_layer_rel_l1_percentiles_node_weighted.json
double_diode_exponential,1,128,1.87388878544988e-06,8.69160240337449e-06,9.949713560947013e-06,1.0651629782940813e-05,errors/double_diode_exponential__hidden_1__hidden_128/cross_layer_rel_l1_percentiles_node_weighted.json
double_diode_exponential,1,256,6.3715246780682165e-06,1.1335664756139733e-05,1.2551255418012064e-05,1.343252687571352e-05,errors/double_diode_exponential__hidden_1__hidden_256/cross_layer_rel_l1_percentiles_node_weighted.json
double_diode_exponential,1,512,6.841149282441313e-06,1.1612864369550436e-05,1.2465699447067399e-05,1.3004436612017016e-05,errors/double_diode_exponential__hidden_1__hidden_512/cross_layer_rel_l1_percentiles_node_weighted.json
double_diode_exponential,1,1024,7.881040828414806e-06,1.2132480844809411e-05,1.2742411463990392e-05,1.3221999365921412e-05,errors/double_diode_exponential__hidden_1__hidden_1024/cross_layer_rel_l1_percentiles_node_weighted.json
double_diode_exponential,2,64,1.8306746049015794e-06,1.3370754390866726e-05,1.7628393070412995e-05,2.066347543252591e-05,errors/double_diode_exponential__hidden_2__hidden_64/cross_layer_rel_l1_percentiles_node_weighted.json
double_diode_exponential,2,128,1.4139648744771716e-05,1.1676097631988055e-05,1.2459982658328006e-05,1.2954564178800964e-05,errors/double_diode_exponential__hidden_2__hidden_128/cross_layer_rel_l1_percentiles_node_weighted.json
double_diode_exponential,2,256,1.5611610743416586e-06,1.64906390146431e-05,2.0202539953113604e-05,2.3455184488675593e-05,errors/double_diode_exponential__hidden_2__hidden_256/cross_layer_rel_l1_percentiles_node_weighted.json
double_diode_exponential,2,512,1.7628631470949062e-06,2.2955776712514502e-05,2.6923844157675913e-05,2.946338877894498e-05,errors/double_diode_exponential__hidden_2__hidden_512/cross_layer_rel_l1_percentiles_node_weighted.json
double_diode_exponential,2,1024,,,,,
double_diode_exponential,3,64,2.200654618127967e-05,1.2099583856587373e-05,1.2784065671213276e-05,1.3235143619743407e-05,errors/double_diode_exponential__hidden_3__hidden_64/cross_layer_rel_l1_percentiles_node_weighted.json
double_diode_exponential,3,128,1.0923256702952566e-05,1.1023393399557917e-05,1.1884189835438427e-05,1.3164903283757211e-05,errors/double_diode_exponential__hidden_3__hidden_128/cross_layer_rel_l1_percentiles_node_weighted.json
double_diode_exponential,3,256,1.0319415720580175e-05,1.2134083913161787e-05,1.2686052573413274e-05,1.3202605508015244e-05,errors/double_diode_exponential__hidden_3__hidden_256/cross_layer_rel_l1_percentiles_node_weighted.json
double_diode_exponential,3,512,,,,,
experimental,1,64,1.0606814058367853e-05,1.3731056465597935e-05,1.581163261449674e-05,1.7462177804786658e-05,errors/experimental__hidden_1__hidden_64/cross_layer_rel_l1_percentiles_node_weighted.json
experimental,1,128,2.9597826655098276e-06,1.3627166844662503e-05,1.675365216377257e-05,1.9852424994278738e-05,errors/experimental__hidden_1__hidden_128/cross_layer_rel_l1_percentiles_node_weighted.json
experimental,1,256,6.528623883491621e-06,1.1672228884189962e-05,1.2833556392655314e-05,1.3470997976906417e-05,errors/experimental__hidden_1__hidden_256/cross_layer_rel_l1_percentiles_node_weighted.json
experimental,1,512,6.906334332154391e-06,1.1676945975501108e-05,1.2572153556988855e-05,1.326591561994347e-05,errors/experimental__hidden_1__hidden_512/cross_layer_rel_l1_percentiles_node_weighted.json
experimental,1,1024,7.874563405103234e-06,1.2130469592075763e-05,1.2744305948747641e-05,1.329171435296742e-05,errors/experimental__hidden_1__hidden_1024/cross_layer_rel_l1_percentiles_node_weighted.json
experimental,2,64,9.105626214769296e-06,6.84567206757485e-05,7.972110660028444e-05,8.668303402413196e-05,errors/experimental__hidden_2__hidden_64/cross_layer_rel_l1_percentiles_node_weighted.json
experimental,2,128,1.4856242470047937e-05,1.2071552590912807e-05,1.3564627225389795e-05,1.68342451910547e-05,errors/experimental__hidden_2__hidden_128/cross_layer_rel_l1_percentiles_node_weighted.json
experimental,2,256,6.1491669795551955e-06,6.388681417615914e-05,7.413528342685774e-05,8.297112235334038e-05,errors/experimental__hidden_2__hidden_256/cross_layer_rel_l1_percentiles_node_weighted.json
experimental,2,512,6.236631095163978e-06,8.071826428061708e-05,9.135707282779661e-05,0.00010255941617365315,errors/experimental__hidden_2__hidden_512/cross_layer_rel_l1_percentiles_node_weighted.json
experimental,2,1024,,,,,
experimental,3,64,2.1291879883099442e-05,1.203534093924858e-05,1.2730501117907788e-05,1.3691909562593632e-05,errors/experimental__hidden_3__hidden_64/cross_layer_rel_l1_percentiles_node_weighted.json
experimental,3,128,1.2469695297795986e-05,1.2187864376109372e-05,1.4718841329076368e-05,2.0654695842309783e-05,errors/experimental__hidden_3__hidden_128/cross_layer_rel_l1_percentiles_node_weighted.json
experimental,3,256,1.0394314828130987e-05,1.1412497473813901e-05,1.1904971960409769e-05,1.2261946979612148e-05,errors/experimental__hidden_3__hidden_256/cross_layer_rel_l1_percentiles_node_weighted.json
experimental,3,512,,,,,
