nonlinearity,hidden_layers,hidden_size,cd_runtime_seconds,spice_runtime_seconds,speedup_vs_spice,average_outer_iterations,average_inner_iterations_per_call,total_inner_iterations,coord_metadata_rel_path,spice_source_rel_path
single_diode_exponential,1,64,7.245743295177817,59.305170397274196,8.184829075678534,11.972222222222221,1.180510440835267,10176.0,cd_metadata/single_diode_exponential__hidden_1__hidden_64/validation_metadata.json,<source-tree>/labs/figures_for_paper_digits/timings/high_accuracy_replacement_reruns_maxicao_20260518-114011/single_diode_exponential_1x64/20260518-114015_single_diode_exponential/validation_states_spice_layers_metadata.json
single_diode_exponential,1,128,7.678630887996405,30.891481618396938,4.023045523217941,9.0,2.0,12960.0,cd_metadata/single_diode_exponential__hidden_1__hidden_128/validation_metadata.json,hidden_1/hidden_128/validation_states_spice_layers_metadata.json
single_diode_exponential,1,256,5.889018357731402,69.38601060211658,11.782271065775014,5.877777777777778,2.0,8464.0,cd_metadata/single_diode_exponential__hidden_1__hidden_256/validation_metadata.json,hidden_1/hidden_256/validation_states_spice_layers_metadata.json
single_diode_exponential,1,512,6.013277519494295,198.34174450021237,32.983966540245845,5.469444444444444,1.9898425596749618,7836.0,cd_metadata/single_diode_exponential__hidden_1__hidden_512/validation_metadata.json,hidden_1/hidden_512/validation_states_spice_layers_metadata.json
single_diode_exponential,1,1024,6.0049543753266335,793.8469280702993,132.19866104763182,5.105555555555555,1.999183895538629,7349.0,cd_metadata/single_diode_exponential__hidden_1__hidden_1024/validation_metadata.json,hidden_1/hidden_1024/validation_states_spice_layers_metadata.json
single_diode_exponential,2,64,17.869158640038222,76.6610030089505,4.290129409740722,15.172222222222222,1.4036067374588064,30666.0,cd_metadata/single_diode_exponential__hidden_2__hidden_64/validation_metadata.json,hidden_2/hidden_64/validation_states_spice_layers_metadata.json
single_diode_exponential,2,128,17.491747681051493,477.83643113891594,27.317820943446826,14.877777777777778,1.0835044809559373,23213.0,cd_metadata/single_diode_exponential__hidden_2__hidden_128/validation_metadata.json,hidden_2/hidden_128/validation_states_spice_layers_metadata.json
single_diode_exponential,2,256,24.605778952129185,4293.154445757158,174.4774857203073,21.455555555555556,1.0,30896.0,cd_metadata/single_diode_exponential__hidden_2__hidden_256/validation_metadata.json,hidden_2/hidden_256/validation_states_spice_layers_metadata.json
single_diode_exponential,2,512,39.36305310809985,49270.399975730106,1251.691525055804,31.775,1.0,45756.0,cd_metadata/single_diode_exponential__hidden_2__hidden_512/validation_metadata.json,hidden_2/hidden_512/validation_states_spice_layers_metadata.json
single_diode_exponential,2,1024,48.47908379416913,,,27.586111111111112,1.0,39724.0,cd_metadata/single_diode_exponential__hidden_2__hidden_1024/validation_metadata.json,
single_diode_exponential,3,64,162.03571626730263,186.35230378434062,1.1500693061826202,80.79444444444445,1.532237731783905,267400.0,cd_metadata/single_diode_exponential__hidden_3__hidden_64/validation_metadata.json,<source-tree>/labs/figures_for_paper_digits/timings/high_accuracy_replacement_reruns_maxicao_20260518-114011/single_diode_exponential_3x64/20260518-114128_single_diode_exponential/validation_states_spice_layers_metadata.json
single_diode_exponential,3,128,48.8608387298882,1737.1067777266726,35.55212769329896,17.852777777777778,2.408485037083139,92876.0,cd_metadata/single_diode_exponential__hidden_3__hidden_128/validation_metadata.json,<paper-source-results>/digits_simulations/single_diode_exponential/hidden_3/hidden_128/spice_validation_triplet_input_gain17_20260518/ep_epoch3_92p22/validation/validation_inputs_layer0_spice_layers_metadata.json
single_diode_exponential,3,256,132.08557521551847,12971.06097890799,98.20194943879115,67.78333333333333,1.3649086140480289,199839.0,cd_metadata/single_diode_exponential__hidden_3__hidden_256/validation_metadata.json,hidden_3/hidden_256/validation_states_spice_layers_metadata.json
single_diode_exponential,3,512,46.41906458605081,,,17.0,1.6400054466230938,60221.0,cd_metadata/single_diode_exponential__hidden_3__hidden_512/validation_metadata.json,
double_diode_exponential,1,64,5.9232039004564285,22.06463937018998,3.7251189965771276,9.0,1.8953703703703704,6141.0,cd_metadata/double_diode_exponential__hidden_1__hidden_64/validation_metadata.json,hidden_1/hidden_64/validation/validation_states_spice_layers_metadata.json
double_diode_exponential,1,128,4.767357988283038,73.60776480892673,15.439949126924395,8.972222222222221,1.0,3230.0,cd_metadata/double_diode_exponential__hidden_1__hidden_128/validation_metadata.json,hidden_1/hidden_128/validation_states_spice_layers_metadata.json
double_diode_exponential,1,256,5.946057243272662,100.49945606896654,16.90186487569912,9.0,1.9663580246913581,6371.0,cd_metadata/double_diode_exponential__hidden_1__hidden_256/validation_metadata.json,hidden_1/hidden_256/validation/validation_states_spice_layers_metadata.json
double_diode_exponential,1,512,7.815300757996738,309.58070794213563,39.612129785967326,9.0,1.9944444444444445,6462.0,cd_metadata/double_diode_exponential__hidden_1__hidden_512/validation_metadata.json,hidden_1/hidden_512/validation/validation_states_spice_layers_metadata.json
double_diode_exponential,1,1024,8.323680674657226,1107.3490477870218,133.03598384768927,9.0,2.0,6480.0,cd_metadata/double_diode_exponential__hidden_1__hidden_1024/validation_metadata.json,hidden_1/hidden_1024/validation/validation_states_spice_layers_metadata.json
double_diode_exponential,2,64,14.67768124025315,68.51403796602972,4.6679061116364755,16.75,1.0,12060.0,cd_metadata/double_diode_exponential__hidden_2__hidden_64/validation_metadata.json,hidden_2/hidden_64/validation/validation_states_spice_layers_metadata.json
double_diode_exponential,2,128,14.702439465560019,549.9558434470091,37.40575465284265,15.847222222222221,1.2127081507449606,13837.0,cd_metadata/double_diode_exponential__hidden_2__hidden_128/validation_metadata.json,hidden_2/hidden_128/super_high_accuracy/validation_states_spice_layers_metadata.json
double_diode_exponential,2,256,16.778028641827404,4312.23443189892,257.0167523226523,18.033333333333335,1.0,12984.0,cd_metadata/double_diode_exponential__hidden_2__hidden_256/validation_metadata.json,hidden_2/hidden_256/validation_states_spice_layers_metadata.json
double_diode_exponential,2,512,29.477647746913135,51768.449848369,1756.1933805858077,26.522222222222222,1.0,19096.0,cd_metadata/double_diode_exponential__hidden_2__hidden_512/validation_metadata.json,hidden_2/hidden_512/20260311-170652_double_diode_exponential/validation_states_spice_layers_metadata.json
double_diode_exponential,2,1024,55.05266457796097,,,31.730555555555554,1.0,22846.0,cd_metadata/double_diode_exponential__hidden_2__hidden_1024/validation_metadata.json,
double_diode_exponential,3,64,27.568683123216033,138.92970724403858,5.0394031018131455,9.577777777777778,1.8792539064912606,30427.0,cd_metadata/double_diode_exponential__hidden_3__hidden_64/validation_metadata.json,<source-tree>/labs/figures_for_paper_digits/timings/double_diode_replacement_reruns_maxicao_20260518-124819/double_diode_exponential_3x64/20260518-124823_double_diode_exponential/validation_states_spice_layers_metadata.json
double_diode_exponential,3,128,21.921956384088844,1183.5095278018853,53.987404548477585,16.158333333333335,1.3893186636868948,24245.0,cd_metadata/double_diode_exponential__hidden_3__hidden_128/validation_metadata.json,hidden_3/hidden_128/excellent_trained_amp4/validation_states_spice_layers_metadata.json
double_diode_exponential,3,256,47.41666790610179,14361.823428260162,302.88554768758894,16.644444444444446,7.844403649310191,141011.0,hidden_3/hidden_256/maxicao_timings/20260429-113044_double_diode_exponential/validation_metadata.json,hidden_3/hidden_256/validation_states_spice_layers_metadata.json
double_diode_exponential,3,512,78.67486318852752,,,51.93611111111111,1.0,56091.0,cd_metadata/double_diode_exponential__hidden_3__hidden_512/validation_metadata.json,
experimental,1,64,11.807468615937978,22.023331308970228,1.8652034593801634,13.777777777777779,20.35241935483871,100948.0,cd_metadata/experimental__hidden_1__hidden_64/validation_metadata.json,hidden_1/hidden_64/redundant/20260311-172944_experimental/validation_states_spice_layers_metadata.json
experimental,1,128,2.9500164119526744,39.070677741081454,13.2442238567818,14.141666666666667,1.0235710076605775,5211.0,cd_metadata/experimental__hidden_1__hidden_128/validation_metadata.json,hidden_1/hidden_128/validation_states_spice_layers_metadata.json
experimental,1,256,8.973515389952809,94.7898937149439,10.563295386006175,8.05,20.87543133195307,60497.0,cd_metadata/experimental__hidden_1__hidden_256/validation_metadata.json,hidden_1/hidden_256/validation_states_spice_layers_metadata.json
experimental,1,512,9.070368121843785,311.14014074695297,34.30292316335511,7.233333333333333,21.082181259600613,54898.0,cd_metadata/experimental__hidden_1__hidden_512/validation_metadata.json,hidden_1/hidden_512/validation_states_spice_layers_metadata.json
experimental,1,1024,10.487423300743103,1094.951770302141,104.4061767035337,5.761111111111111,24.476374156219865,50764.0,cd_metadata/experimental__hidden_1__hidden_1024/validation_metadata.json,hidden_1/hidden_1024/validation_states_spice_layers_metadata.json
experimental,2,64,11.10521860839799,61.481018747901544,5.536227688611943,33.4,1.0,24048.0,cd_metadata/experimental__hidden_2__hidden_64/validation_metadata.json,hidden_2/hidden_64/20260311-171025_experimental/validation_states_spice_layers_metadata.json
experimental,2,128,12.75565816834569,543.7305558170192,42.62661703857315,21.23611111111111,3.9558534990189664,60485.0,cd_metadata/experimental__hidden_2__hidden_128/validation_metadata.json,hidden_2/hidden_128/super_high_accuracy/validation_states_spice_layers_metadata.json
experimental,2,256,15.34040185296908,4301.242321081925,280.3865480387944,39.93611111111111,1.0,28754.0,cd_metadata/experimental__hidden_2__hidden_256/validation_metadata.json,hidden_2/hidden_256/20260311-171041_experimental/validation_states_spice_layers_metadata.json
experimental,2,512,29.91768865007907,52009.10704533104,1738.4065879432026,61.99444444444445,1.0,44636.0,cd_metadata/experimental__hidden_2__hidden_512/validation_metadata.json,<paper-source-results>/digits_simulations/experimental/hidden_2/hidden_512/validation/validation_states_spice_layers_metadata.json
experimental,2,1024,54.84354688599706,,,68.48055555555555,1.0,49306.0,cd_metadata/experimental__hidden_2__hidden_1024/validation_metadata.json,
experimental,3,64,15.678639173973352,165.07923992117867,10.528926527961135,7.4222222222222225,15.818363273453095,126800.0,cd_metadata/experimental__hidden_3__hidden_64/validation_metadata.json,hidden_3/hidden_64/validation_states_spice_layers_metadata.json
experimental,3,128,30.6217703782022,1131.4812394059263,36.95022284574898,26.230555555555554,6.905432595573441,195624.0,cd_metadata/experimental__hidden_3__hidden_128/validation_metadata.json,hidden_3/hidden_128/amp_4/validation_states_spice_layers_metadata.json
experimental,3,256,12.471815628930926,13723.796278140042,1100.3847945206062,13.166666666666666,3.6431082981715894,51805.0,cd_metadata/experimental__hidden_3__hidden_256/validation_metadata.json,hidden_3/hidden_256/validation_states_spice_layers_metadata.json
experimental,3,512,67.94392351992428,,,95.21388888888889,1.0,102831.0,cd_metadata/experimental__hidden_3__hidden_512/validation_metadata.json,
